rssi_dbm,snr_db,distance_m,source
-109,4.20,960.52,salvora_gw1
-107,5.20,3252.77,salvora_gw2
-120,-13.50,5766.41,salvora_gw3
-109,4.20,961.86,salvora_gw1
-107,5.00,3247.82,salvora_gw2
-119,-12.50,5763.22,salvora_gw3
-110,5.50,950.7,salvora_gw1
-107,8.80,3249.9,salvora_gw2
-120,-15.80,5758.43,salvora_gw3
-99,7.00,1416.38,salvora_gw1
-105,5.20,4418.04,salvora_gw2
-120,-14.00,6655.7,salvora_gw3
-104,7.20,909.43,salvora_gw1
-111,3.80,3276.29,salvora_gw2
-114,2.00,1405.92,salvora_gw1
-114,2.00,4435.47,salvora_gw2
-108,9.00,1394.99,salvora_gw1
-105,9.80,4425.53,salvora_gw2
-105,5.50,810.81,salvora_gw1
-112,4.20,3259.83,salvora_gw2
-104,10.80,1306.93,salvora_gw1
-112,4.80,4403.24,salvora_gw2
-97,5.50,1367.81,salvora_gw1
-119,-15.50,4485.75,salvora_gw2
-89,9.00,1401.83,salvora_gw1
-114,0.00,4525.18,salvora_gw2
-95,10.20,1440.05,salvora_gw1
-115,0.00,4590.2,salvora_gw2
-110,7.20,1374.27,salvora_gw1
-120,-10.00,1374.14,salvora_gw1
-110,7.20,1344.89,salvora_gw1
-115,1.80,4465.96,salvora_gw2
-109,4.20,1271.99,salvora_gw1
-120,-14.50,4410.72,salvora_gw2
-115,-0.80,659.06,salvora_gw1
-119,-5.20,5535.07,salvora_gw3
-114,1.20,643.18,salvora_gw1
-118,-0.50,3197.68,salvora_gw2
-119,-12.20,5528.83,salvora_gw3
-118,-1.50,539.91,salvora_gw1
-109,3.20,3158.25,salvora_gw2
-120,-19.20,5424.75,salvora_gw3
-117,-12.00,555.9,salvora_gw1
-105,7.00,3110.58,salvora_gw2
-120,-14.50,5387.96,salvora_gw3
-118,-8.00,562.89,salvora_gw1
-103,10.20,3043.97,salvora_gw2
-117,-9.00,696.73,salvora_gw1
-95,5.80,2695.97,salvora_gw2
-119,-15.50,4911.16,salvora_gw3
-101,7.20,2683.28,salvora_gw2
-120,-9.80,667.46,salvora_gw1
-108,8.00,2724.82,salvora_gw2
-119,-5.20,4926.64,salvora_gw3
-114,4.80,2523.55,salvora_gw2
-117,-4.80,862.01,salvora_gw1
-89,11.80,2518.02,salvora_gw2
-117,-5.50,858.24,salvora_gw1
-81,7.20,2517.14,salvora_gw2
-120,-17.80,4754.63,salvora_gw3
-87,8.20,2515.35,salvora_gw2
-120,-9.00,934.48,salvora_gw1
-108,8.00,2453.99,salvora_gw2
-117,-1.20,4762.81,salvora_gw3
-117,-1.20,1099.58,salvora_gw1
-105,5.00,2299.09,salvora_gw2
-115,0.00,4704.7,salvora_gw3
-117,-3.80,1097.68,salvora_gw1
-108,5.00,2294.77,salvora_gw2
-111,3.80,4685.7,salvora_gw3
-104,8.50,2272.7,salvora_gw2
-115,-0.80,1094.81,salvora_gw1
-90,13.00,2271.26,salvora_gw2
-114,2.00,4546.47,salvora_gw3
-115,0.20,1090.34,salvora_gw1
-93,13.80,2275.37,salvora_gw2
-110,5.80,4543.22,salvora_gw3
-115,0.20,1086.89,salvora_gw1
-85,5.80,2278.68,salvora_gw2
-114,1.50,4495.87,salvora_gw3
-103,5.50,1147.44,salvora_gw1
-84,7.50,2223.95,salvora_gw2
-107,5.50,4406.47,salvora_gw3
-91,11.20,1188.47,salvora_gw1
-100,12.20,2194.62,salvora_gw2
-118,-2.00,4331.77,salvora_gw3
-91,11.80,1300.38,salvora_gw1
-115,0.20,2115.07,salvora_gw2
-117,-4.00,4182.73,salvora_gw3
-95,13.00,1209.62,salvora_gw1
-117,1.00,2198.35,salvora_gw2
-119,-5.00,4256.61,salvora_gw3
-85,7.80,1235.4,salvora_gw1
-117,0.00,2217.76,salvora_gw2
-105,5.50,4170.41,salvora_gw3
-104,7.20,1211.06,salvora_gw1
-113,3.20,2239.65,salvora_gw2
-111,4.20,4190.52,salvora_gw3
-98,11.50,1130.6,salvora_gw1
-115,2.20,2300.25,salvora_gw2
-117,-1.50,4273.07,salvora_gw3
-89,7.50,955.12,salvora_gw1
-103,5.20,2429.92,salvora_gw2
-115,-2.50,4480.12,salvora_gw3
-103,5.50,965.36,salvora_gw1
-114,1.20,2416.48,salvora_gw2
-117,-2.20,4482.27,salvora_gw3
-97,11.00,955.11,salvora_gw1
-107,8.80,2429.03,salvora_gw2
-104,10.00,4482.59,salvora_gw3
-95,14.80,930.58,salvora_gw1
-111,7.50,2478.46,salvora_gw2
-109,8.00,4448.61,salvora_gw3
-100,12.20,869.69,salvora_gw1
-98,13.00,2536.51,salvora_gw2
-114,2.80,4497.6,salvora_gw3
-95,5.00,857.81,salvora_gw1
-109,3.00,2555.89,salvora_gw2
-105,4.80,4495.38,salvora_gw3
-99,5.50,715.33,salvora_gw1
-113,-1.20,2731.15,salvora_gw2
-102,5.00,4574.25,salvora_gw3
-95,11.00,694.98,salvora_gw1
-109,5.80,2743.86,salvora_gw2
-118,-7.20,4596.74,salvora_gw3
-90,8.20,691.79,salvora_gw1
-112,3.20,2746.25,salvora_gw2
-114,1.80,4599.98,salvora_gw3
-85,8.80,652.14,salvora_gw1
-112,2.80,2795.79,salvora_gw2
-104,7.50,4626.14,salvora_gw3
-94,10.50,628.31,salvora_gw1
-114,2.00,2791.93,salvora_gw2
-105,8.50,4666.86,salvora_gw3
-101,5.00,552.31,salvora_gw1
-100,7.00,2854.67,salvora_gw2
-95,7.50,4741.42,salvora_gw3
-95,7.50,566.81,salvora_gw1
-104,5.00,2819.58,salvora_gw2
-115,-1.80,4757.93,salvora_gw3
-111,2.80,500.13,salvora_gw1
-107,5.00,2870.36,salvora_gw2
-97,7.00,4847.7,salvora_gw3
-111,3.80,480.24,salvora_gw1
-101,5.80,2885.32,salvora_gw2
-100,5.80,4892.61,salvora_gw3
-115,0.00,474.56,salvora_gw1
-109,5.80,2891.19,salvora_gw2
-107,9.20,4894.29,salvora_gw3
-99,5.00,509.42,salvora_gw1
-97,7.20,2859.81,salvora_gw2
-98,7.00,4846.37,salvora_gw3
-107,5.00,424.23,salvora_gw1
-107,5.20,2941.17,salvora_gw2
-105,5.20,4959.21,salvora_gw3
-93,13.80,411.88,salvora_gw1
-115,2.50,2956.34,salvora_gw2
-109,8.20,4921.61,salvora_gw3
-90,14.00,337.62,salvora_gw1
-97,13.20,3031.34,salvora_gw2
-107,9.00,4973.17,salvora_gw3
-89,15.20,307.83,salvora_gw1
-119,-2.80,3061.8,salvora_gw2
-115,3.00,4993.18,salvora_gw3
-89,14.00,293.26,salvora_gw1
-113,5.20,3071.75,salvora_gw2
-115,1.00,5038.55,salvora_gw3
-113,0.50,284.09,salvora_gw1
-108,3.50,3081.11,salvora_gw2
-117,-3.80,5050.53,salvora_gw3
-105,5.50,320.39,salvora_gw1
-118,-5.00,3046.02,salvora_gw2
-104,5.00,5039.32,salvora_gw3
-89,12.20,287.25,salvora_gw1
-115,1.80,5078.85,salvora_gw3
-95,12.50,389.44,salvora_gw1
-114,4.20,3003.41,salvora_gw2
-97,12.80,4889.21,salvora_gw3
-98,12.00,337.91,salvora_gw1
-115,2.00,3072.52,salvora_gw2
-102,11.20,4919.72,salvora_gw3
-90,13.80,345.5,salvora_gw1
-115,-0.50,3096.07,salvora_gw2
-100,12.20,4902.38,salvora_gw3
-100,5.80,364.73,salvora_gw1
-121,-13.20,3087.87,salvora_gw2
-117,-1.50,4882.28,salvora_gw3
-92,8.50,312.13,salvora_gw1
-120,-9.50,3161.77,salvora_gw2
-118,-3.50,4934.16,salvora_gw3
-90,7.80,315.96,salvora_gw1
-120,-8.20,3152.35,salvora_gw2
-117,-1.50,4929.83,salvora_gw3
-89,13.20,321.11,salvora_gw1
-120,-9.80,3152.8,salvora_gw2
-120,-9.50,4924.92,salvora_gw3
-98,5.50,321.77,salvora_gw1
-119,-11.00,3153.06,salvora_gw2
-115,1.20,4924.31,salvora_gw3
-101,5.20,319.83,salvora_gw1
-119,-10.00,3138.5,salvora_gw2
-113,2.50,4925.72,salvora_gw3
-98,5.20,288.88,salvora_gw1
-113,1.50,4956.89,salvora_gw3
-97,7.80,242.13,salvora_gw1
-101,7.20,3234.61,salvora_gw2
-99,7.00,5009.14,salvora_gw3
-91,9.20,208.95,salvora_gw1
-114,2.00,3288.67,salvora_gw2
-118,-4.00,5054.52,salvora_gw3
-91,9.20,213.18,salvora_gw1
-120,-8.20,3309.07,salvora_gw2
-107,5.20,5061.21,salvora_gw3
-88,8.50,211.91,salvora_gw1
-110,2.80,3369.51,salvora_gw2
-101,5.00,5100.49,salvora_gw3
-90,7.80,1143.12,salvora_gw1
-118,-8.00,6147.63,salvora_gw3
-112,3.00,1308.2,salvora_gw1
-120,-15.50,6334.2,salvora_gw3
-107,5.50,1410.1,salvora_gw1
-115,-0.20,1590.18,salvora_gw1
-103,5.20,1356.17,salvora_gw1
-84,10.80,1264.5,salvora_gw1
-95,7.00,1329.39,salvora_gw1
-105,5.80,1348.78,salvora_gw1
-117,-2.50,4500.58,salvora_gw2
-108,7.00,1348.8,salvora_gw1
-99,4.50,983.45,salvora_gw1
-107,4.20,3269.56,salvora_gw2
-119,-14.20,5792.95,salvora_gw3
-110,5.20,980.22,salvora_gw1
-111,4.00,3247.98,salvora_gw2
-119,-12.80,5773.94,salvora_gw3
-114,3.20,955.03,salvora_gw1
-112,5.00,3251.69,salvora_gw2
-119,-11.80,5762.37,salvora_gw3
-115,1.00,960.12,salvora_gw1
-113,2.20,3247.88,salvora_gw2
-120,-12.50,5762.26,salvora_gw3
-108,4.80,966.13,salvora_gw1
-109,4.50,3248.34,salvora_gw2
-118,-12.00,930.25,salvora_gw1
-53,14.20,1137.92,salvora_gw1
-108,8.00,4486.64,salvora_gw2
-119,-13.50,6237.6,salvora_gw3
-55,15.00,1144.36,salvora_gw1
-117,1.20,4486.64,salvora_gw2
-115,1.80,6260.83,salvora_gw3
-58,10.00,1152.15,salvora_gw1
-115,2.50,4482.17,salvora_gw2
-59,14.50,1166.07,salvora_gw1
-118,-3.00,4487.24,salvora_gw2
-114,2.20,6320.18,salvora_gw3
-71,11.00,1171.49,salvora_gw1
-112,-0.80,4489.06,salvora_gw2
-111,-14.00,6330.26,salvora_gw3
-78,9.80,1205.69,salvora_gw1
-117,-3.50,6367.95,salvora_gw3
-78,11.80,1242.13,salvora_gw1
-120,-8.50,4548.11,salvora_gw2
-120,-8.80,6409.07,salvora_gw3
-79,14.20,1259.53,salvora_gw1
-119,-5.80,6424.45,salvora_gw3
-78,14.00,1330.84,salvora_gw1
-118,-1.50,6493.89,salvora_gw3
-80,7.20,1379.47,salvora_gw1
-115,0.20,4682.25,salvora_gw2
-117,-4.00,6537.7,salvora_gw3
-81,10.80,1426.09,salvora_gw1
-114,-0.80,4734.37,salvora_gw2
-119,-15.00,6572.8,salvora_gw3
-82,12.80,1434.13,salvora_gw1
-115,0.00,4741.94,salvora_gw2
-81,12.20,1431.82,salvora_gw1
-118,-1.00,4740.94,salvora_gw2
-120,-11.00,6576.81,salvora_gw3
-85,10.80,1551.72,salvora_gw1
-111,5.80,4862.17,salvora_gw2
-79,13.80,1566.16,salvora_gw1
-114,3.20,4886.02,salvora_gw2
-81,5.80,1585.87,salvora_gw1
-115,-0.80,4915.81,salvora_gw2
-85,9.20,1592.23,salvora_gw1
-118,-5.80,4929.08,salvora_gw2
-81,12.20,1592.65,salvora_gw1
-115,1.20,4929.21,salvora_gw2
-119,-12.80,6669.11,salvora_gw3
-95,12.20,1580.37,salvora_gw1
-119,-5.80,4926.36,salvora_gw2
-109,7.20,6630.82,salvora_gw3
-74,15.00,1392.41,salvora_gw1
-111,5.50,6434.48,salvora_gw3
-92,12.80,1327.38,salvora_gw1
-109,4.80,6362.7,salvora_gw3
-87,8.00,1282.01,salvora_gw1
-114,-1.20,6326.1,salvora_gw3
-59,11.00,1238.51,salvora_gw1
-119,-5.20,4591.8,salvora_gw2
-120,-13.00,6308,salvora_gw3
-72,14.00,1200.44,salvora_gw1
-119,-3.00,4550.41,salvora_gw2
-119,-10.80,6287.37,salvora_gw3
-72,10.20,1155.69,salvora_gw1
-115,0.50,4504.54,salvora_gw2
-118,-13.80,6252.46,salvora_gw3
-85,14.00,1144.15,salvora_gw1
-111,5.50,4493.64,salvora_gw2
-118,-2.80,6240.52,salvora_gw3
-55,14.20,1135.1,salvora_gw1
-111,5.80,4485.7,salvora_gw2
-55,11.00,1139.33,salvora_gw1
-115,-2.20,4490.06,salvora_gw2
-55,8.80,1125.87,salvora_gw1
-118,-9.80,4476.68,salvora_gw2
-54,10.20,1131.68,salvora_gw1
-113,3.80,4484.57,salvora_gw2
-109,5.80,6218.21,salvora_gw3
-54,13.20,1104.87,salvora_gw1
-103,12.50,4458.51,salvora_gw2
-99,14.00,6192.49,salvora_gw3
-52,15.80,1107.84,salvora_gw1
-107,9.80,4461.6,salvora_gw2
-101,13.00,6194.6,salvora_gw3
-55,13.20,1108.34,salvora_gw1
-112,5.50,4464.2,salvora_gw2
-100,12.20,6186.4,salvora_gw3
-58,7.20,1110.76,salvora_gw1
-111,3.50,4467.27,salvora_gw2
-98,7.50,6185.57,salvora_gw3
-55,11.50,1110.42,salvora_gw1
-120,-8.50,4467.25,salvora_gw2
-109,5.50,6183.81,salvora_gw3
-53,12.80,1102.18,salvora_gw1
-107,8.20,4458.32,salvora_gw2
-105,8.50,6179.97,salvora_gw3
-55,14.20,1104.32,salvora_gw1
-120,-9.00,4460.56,salvora_gw2
-109,8.00,6181.37,salvora_gw3
-53,15.00,1108.75,salvora_gw1
-115,3.20,4465.67,salvora_gw2
-98,14.50,6181.94,salvora_gw3
-58,13.50,1108.63,salvora_gw1
-99,13.00,6183.95,salvora_gw3
-54,9.80,1109.59,salvora_gw1
-105,5.80,4466.45,salvora_gw2
-100,5.80,6182.96,salvora_gw3
-45,7.00,1126.17,salvora_gw1
-101,5.20,4479.68,salvora_gw2
-102,5.80,6211.16,salvora_gw3
-39,12.50,1108.67,salvora_gw1
-117,0.80,4461.68,salvora_gw2
-104,9.50,6198.15,salvora_gw3
-33,12.20,1128.28,salvora_gw1
-107,5.00,4481.15,salvora_gw2
-100,8.00,6215.34,salvora_gw3
-45,7.50,1112.5,salvora_gw1
-109,5.50,4466.05,salvora_gw2
-105,7.00,6199.35,salvora_gw3
-39,14.00,1111.65,salvora_gw1
-95,13.00,4465.12,salvora_gw2
-94,12.50,6198.93,salvora_gw3
-53,9.00,1111.65,salvora_gw1
-101,12.20,4465.21,salvora_gw2
-100,12.20,6198.6,salvora_gw3
-39,10.50,1126.16,salvora_gw1
-98,11.80,4479.13,salvora_gw2
-99,12.00,6213.18,salvora_gw3
-54,13.00,1108.3,salvora_gw1
-107,9.50,4462.71,salvora_gw2
-95,13.00,6192.44,salvora_gw3
-72,9.50,1109.08,salvora_gw1
-119,-11.50,4465.68,salvora_gw2
-105,5.00,6183.74,salvora_gw3
-58,10.50,1109.49,salvora_gw1
-120,-8.20,4465.95,salvora_gw2
-111,4.00,6184.71,salvora_gw3
-77,10.50,1108.69,salvora_gw1
-115,-10.00,4465.94,salvora_gw2
-105,8.50,6180.31,salvora_gw3
-93,14.00,1106.46,salvora_gw1
-118,-9.20,4463.85,salvora_gw2
-105,10.20,6177.75,salvora_gw3
-50,15.00,1110.43,salvora_gw1
-97,13.20,4469.37,salvora_gw2
-105,10.80,6173,salvora_gw3
-51,11.00,1152.59,salvora_gw1
-90,11.80,4512.81,salvora_gw2
-107,8.20,6200.63,salvora_gw3
-58,12.20,1154.99,salvora_gw1
-109,3.50,4515.22,salvora_gw2
-97,8.20,6202.56,salvora_gw3
-85,10.00,1155.55,salvora_gw1
-112,4.00,4516.24,salvora_gw2
-107,5.50,6199.95,salvora_gw3
-58,13.50,1104.4,salvora_gw1
-97,10.20,4468.76,salvora_gw2
-112,5.20,6119.77,salvora_gw3
-51,8.50,171.38,salvora_gw1
-91,11.80,3340.14,salvora_gw2
-108,7.20,5109.25,salvora_gw3
-57,14.00,236.9,salvora_gw1
-92,14.80,3275.36,salvora_gw2
-108,8.80,5027.36,salvora_gw3
-75,13.00,222.09,salvora_gw1
-93,13.20,3217.5,salvora_gw2
-115,1.20,5023.88,salvora_gw3
-83,9.80,286.52,salvora_gw1
-100,5.20,3178.43,salvora_gw2
-107,4.50,4959.76,salvora_gw3
-83,10.50,382.44,salvora_gw1
-89,8.80,3232.48,salvora_gw2
-104,5.80,4896.28,salvora_gw3
-78,10.00,378.27,salvora_gw1
-92,10.80,3234.02,salvora_gw2
-99,9.00,4900.2,salvora_gw3
-85,12.20,379.88,salvora_gw1
-89,12.00,3233.09,salvora_gw2
-105,9.80,4898.54,salvora_gw3
-85,14.00,380.67,salvora_gw1
-88,13.80,3232.38,salvora_gw2
-107,10.00,4897.62,salvora_gw3
-89,13.50,381.33,salvora_gw1
-105,9.50,4897.2,salvora_gw3
-83,8.00,407.07,salvora_gw1
-100,5.50,3274.99,salvora_gw2
-109,4.50,4898.61,salvora_gw3
-95,5.20,494.06,salvora_gw1
-99,5.20,3195.76,salvora_gw2
-104,5.50,4792.82,salvora_gw3
-85,12.50,565.11,salvora_gw1
-95,11.50,3081.88,salvora_gw2
-105,8.50,4694.74,salvora_gw3
-82,11.80,640.55,salvora_gw1
-93,11.80,2962.69,salvora_gw2
-105,9.20,4606.15,salvora_gw3
-81,11.50,719.95,salvora_gw1
-91,11.50,2830.98,salvora_gw2
-99,11.00,4529.61,salvora_gw3
-81,13.50,710.17,salvora_gw1
-91,13.50,2812.21,salvora_gw2
-111,5.50,4544.47,salvora_gw3
-80,9.50,889.47,salvora_gw1
-88,8.80,2561.1,salvora_gw2
-102,7.00,4430.54,salvora_gw3
-95,7.50,891.7,salvora_gw1
-97,8.20,2550.2,salvora_gw2
-93,7.80,4436.92,salvora_gw3
-99,10.50,883.65,salvora_gw1
-105,7.00,2556.67,salvora_gw2
-93,10.20,4444.71,salvora_gw3
-95,12.50,849.42,salvora_gw1
-103,10.80,2586.05,salvora_gw2
-100,11.00,4476.19,salvora_gw3
-97,13.80,692.76,salvora_gw1
-100,13.00,2727.41,salvora_gw2
-100,12.80,4615.08,salvora_gw3
-90,13.00,560.65,salvora_gw1
-98,13.00,2892.97,salvora_gw2
-99,13.20,4702.14,salvora_gw3
-89,8.50,413.23,salvora_gw1
-102,5.20,3033.21,salvora_gw2
-99,5.50,4837.85,salvora_gw3
-75,9.50,252.87,salvora_gw1
-95,7.00,3199.2,salvora_gw2
-103,7.00,4993.29,salvora_gw3
-74,13.20,180.4,salvora_gw1
-102,10.20,3279.45,salvora_gw2
-98,11.80,5073.17,salvora_gw3
-55,12.50,145.96,salvora_gw1
-101,12.50,3327.47,salvora_gw2
-104,10.80,5120.22,salvora_gw3
-77,10.00,1160.65,salvora_gw1
-100,11.20,6185.74,salvora_gw3
-75,13.50,1160.38,salvora_gw1
-109,5.80,4523.36,salvora_gw2
-97,12.80,6184.62,salvora_gw3
-75,12.50,1160.64,salvora_gw1
-110,5.50,4523.53,salvora_gw2
-98,7.00,6185.79,salvora_gw3
-58,11.50,1158.99,salvora_gw1
-110,5.20,4521.91,salvora_gw2
-99,5.80,6184.04,salvora_gw3
-57,13.20,1162.37,salvora_gw1
-110,7.20,4525.28,salvora_gw2
-95,11.00,6187.04,salvora_gw3
-59,10.00,1223.12,salvora_gw1
-110,4.20,4584.17,salvora_gw2
-100,9.50,6253.92,salvora_gw3
-90,12.00,1317.45,salvora_gw1
-99,11.20,6346.58,salvora_gw3
-89,13.00,1409.41,salvora_gw1
-102,12.20,6446.19,salvora_gw3
-102,5.50,6585.48,salvora_gw3
-75,11.00,1575.46,salvora_gw1
-119,-8.50,4927.88,salvora_gw2
-112,3.80,6602.16,salvora_gw3
-79,10.50,1535.91,salvora_gw1
-118,-10.50,4892.28,salvora_gw2
-107,7.00,6548.99,salvora_gw3
-85,12.20,1360.81,salvora_gw1
-115,1.00,4721.58,salvora_gw2
-107,8.50,6371.86,salvora_gw3
-79,14.20,1281.89,salvora_gw1
-97,13.20,4644.99,salvora_gw2
-105,10.80,6284.19,salvora_gw3
-80,13.50,1203.61,salvora_gw1
-92,13.20,4566.4,salvora_gw2
-109,7.80,6222.43,salvora_gw3
-85,9.20,1197.76,salvora_gw1
-91,9.00,4560.62,salvora_gw2
-113,1.80,6216.84,salvora_gw3
-72,7.50,1270,salvora_gw1
-95,8.50,4634.94,salvora_gw2
-97,7.00,6237.01,salvora_gw3
-81,13.00,1274.61,salvora_gw1
-92,12.00,4639.56,salvora_gw2
-104,10.80,6239.68,salvora_gw3
-84,12.50,1271,salvora_gw1
-97,11.50,4634.2,salvora_gw2
-108,8.80,6273.97,salvora_gw3
-74,10.50,1252.88,salvora_gw1
-90,12.00,4615.94,salvora_gw2
-97,11.80,6260.52,salvora_gw3
-73,13.80,1253.04,salvora_gw1
-89,13.50,4615.94,salvora_gw2
-95,13.00,6262.49,salvora_gw3
-74,12.00,1242.27,salvora_gw1
-105,4.80,4600.42,salvora_gw2
-103,5.00,6288.61,salvora_gw3
-57,5.80,1206.53,salvora_gw1
-111,4.80,4563.5,salvora_gw2
-104,5.50,6264.48,salvora_gw3
-52,12.50,1191.85,salvora_gw1
-105,10.00,4548.07,salvora_gw2
-101,12.20,6255.61,salvora_gw3
-55,12.20,1188.85,salvora_gw1
-115,1.20,4544.98,salvora_gw2
-114,2.80,6253.48,salvora_gw3
-80,14.00,1192.7,salvora_gw1
-115,3.00,6256.35,salvora_gw3
-89,13.50,1194.08,salvora_gw1
-111,5.80,6257.72,salvora_gw3
-78,10.20,1192.25,salvora_gw1
-115,-0.80,6256.35,salvora_gw3
-79,9.00,1186.65,salvora_gw1
-119,-18.00,4542.45,salvora_gw2
-117,-4.00,6253.12,salvora_gw3
-75,13.50,1187.07,salvora_gw1
-105,9.20,6253.49,salvora_gw3
-81,12.20,1188.74,salvora_gw1
-103,11.80,6255.54,salvora_gw3
-73,13.80,1188.78,salvora_gw1
-115,0.50,4544.59,salvora_gw2
-114,2.50,6254.85,salvora_gw3
-89,14.20,1186.2,salvora_gw1
-55,11.80,1175.55,salvora_gw1
-122,-13.20,4531.81,salvora_gw2
-105,5.50,6241.6,salvora_gw3
-54,7.80,1163.5,salvora_gw1
-108,4.80,6234.4,salvora_gw3
-58,13.20,1149.45,salvora_gw1
-55,12.20,1132.04,salvora_gw1
-119,-3.50,4485.93,salvora_gw2
-107,9.00,6214.72,salvora_gw3
-57,10.50,1127.03,salvora_gw1
-100,11.80,4480.52,salvora_gw2
-101,11.20,6211.95,salvora_gw3
-35,13.20,1112.49,salvora_gw1
-102,11.50,4465.61,salvora_gw2
-112,5.50,6200.96,salvora_gw3
-37,8.80,1111.33,salvora_gw1
-114,1.80,4464.47,salvora_gw2
-111,2.80,6199.9,salvora_gw3
-35,10.50,1105.29,salvora_gw1
-113,-0.50,4458.89,salvora_gw2
-104,5.80,6193.02,salvora_gw3
-35,12.50,1111.64,salvora_gw1
-107,8.00,4464.72,salvora_gw2
-111,5.00,6200.42,salvora_gw3
-35,8.50,1112.07,salvora_gw1
-110,5.80,4465.06,salvora_gw2
-98,10.20,6201.07,salvora_gw3
-47,15.80,1102.44,salvora_gw1
-92,15.20,4455.23,salvora_gw2
-93,15.80,6193.6,salvora_gw3
-47,13.80,1081.53,salvora_gw1
-90,13.80,4434.56,salvora_gw2
-113,4.00,6174.91,salvora_gw3
-59,9.50,43.25,salvora_gw1
-99,7.00,3322.97,salvora_gw2
-118,-10.20,5208.08,salvora_gw3
-50,10.80,70.44,salvora_gw1
-115,0.50,3294.82,salvora_gw2
-115,1.80,5198.97,salvora_gw3
-50,13.20,87.21,salvora_gw1
-118,-1.80,3279.34,salvora_gw2
-117,-1.20,5194.95,salvora_gw3
-53,13.50,96.28,salvora_gw1
-119,-4.20,3273.35,salvora_gw2
-120,-15.50,5199.62,salvora_gw3
-81,15.00,112.63,salvora_gw1
-115,1.50,3260.6,salvora_gw2
-120,-9.80,5199.18,salvora_gw3
-104,9.20,117.1,salvora_gw1
-73,8.80,128.17,salvora_gw1
-115,0.80,3256.02,salvora_gw2
-120,-15.20,5213.06,salvora_gw3
-78,7.80,154.99,salvora_gw1
-119,-11.50,5209.65,salvora_gw3
-81,13.50,179.57,salvora_gw1
-120,-10.50,3221.08,salvora_gw2
-110,7.20,5215.08,salvora_gw3
-71,11.20,207.03,salvora_gw1
-115,0.00,5224.9,salvora_gw3
-75,14.20,207.32,salvora_gw1
-120,-7.80,3217.06,salvora_gw2
-111,7.50,5237.63,salvora_gw3
-101,12.00,223.17,salvora_gw1
-118,-2.80,3215.85,salvora_gw2
-101,5.80,237,salvora_gw1
-118,-10.20,3217.48,salvora_gw2
-92,10.50,248.95,salvora_gw1
-120,-8.20,3211.22,salvora_gw2
-105,9.80,245.84,salvora_gw1
-113,5.50,3210.28,salvora_gw2
-95,13.80,244.89,salvora_gw1
-110,5.80,3207.02,salvora_gw2
-95,13.80,244.31,salvora_gw1
-112,5.00,3207.88,salvora_gw2
-95,13.20,241.68,salvora_gw1
-110,5.80,3211.22,salvora_gw2
-94,5.80,244.74,salvora_gw1
-108,3.50,3207.54,salvora_gw2
-95,7.20,245.22,salvora_gw1
-108,5.80,3206.98,salvora_gw2
-95,10.00,246.13,salvora_gw1
-109,5.20,3206.08,salvora_gw2
-95,13.00,246.96,salvora_gw1
-111,5.20,3205.57,salvora_gw2
-94,13.50,247.32,salvora_gw1
-113,4.00,3205.93,salvora_gw2
-99,12.20,245.07,salvora_gw1
-119,-4.20,3208.18,salvora_gw2
-97,5.80,246.66,salvora_gw1
-119,-3.50,3206.01,salvora_gw2
-95,5.80,246.53,salvora_gw1
-113,2.80,3206.03,salvora_gw2
-95,11.20,246.65,salvora_gw1
-112,5.20,3205.22,salvora_gw2
-94,10.00,247.34,salvora_gw1
-111,4.80,3204.06,salvora_gw2
-95,15.00,247.44,salvora_gw1
-111,7.00,3204.34,salvora_gw2
-97,12.80,247.54,salvora_gw1
-112,5.50,3204.71,salvora_gw2
-95,8.80,247.8,salvora_gw1
-109,5.50,3204.68,salvora_gw2
-120,-20.50,5257.95,salvora_gw3
-95,7.20,244.67,salvora_gw1
-110,5.80,3207.55,salvora_gw2
-95,11.50,245.4,salvora_gw1
-112,5.00,3207.45,salvora_gw2
-94,10.00,245.95,salvora_gw1
-93,15.00,246.64,salvora_gw1
-111,5.50,3206.4,salvora_gw2
-95,12.80,247.04,salvora_gw1
-112,5.00,3206.35,salvora_gw2
-110,2.50,246.17,salvora_gw1
-111,3.00,3207.64,salvora_gw2
-99,8.50,245.97,salvora_gw1
-107,5.50,3207.66,salvora_gw2
-93,11.50,246.21,salvora_gw1
-108,8.50,3207.34,salvora_gw2
-95,12.20,247.01,salvora_gw1
-119,-1.20,3206.74,salvora_gw2
-93,14.00,247.26,salvora_gw1
-111,5.80,3205.94,salvora_gw2
-95,11.50,247.37,salvora_gw1
-115,0.20,3206.3,salvora_gw2
-95,8.50,246.6,salvora_gw1
-113,2.80,3207.29,salvora_gw2
-94,7.80,244.77,salvora_gw1
-112,2.80,3210.42,salvora_gw2
-95,11.50,245.91,salvora_gw1
-112,4.20,3210.03,salvora_gw2
-95,11.20,245.8,salvora_gw1
-112,3.00,3211.22,salvora_gw2
-98,14.00,245.36,salvora_gw1
-95,13.00,245.73,salvora_gw1
-110,5.20,3208.48,salvora_gw2
-98,5.80,243.95,salvora_gw1
-115,0.80,3210.92,salvora_gw2
-95,7.20,244.54,salvora_gw1
-118,-1.80,3210.99,salvora_gw2
-94,9.50,244.59,salvora_gw1
-117,-3.00,3211.38,salvora_gw2
-101,12.00,246.26,salvora_gw1
-115,1.50,3208.41,salvora_gw2
-97,11.80,245.07,salvora_gw1
-112,4.80,3208.18,salvora_gw2
-95,12.50,243.43,salvora_gw1
-119,-5.20,3210.59,salvora_gw2
-95,8.50,244.84,salvora_gw1
-115,-0.50,3210.17,salvora_gw2
-95,7.50,246.5,salvora_gw1
-117,-0.20,3207.59,salvora_gw2
-94,12.50,247.73,salvora_gw1
-110,5.50,3207.14,salvora_gw2
-95,12.20,247.1,salvora_gw1
-112,5.50,3207.52,salvora_gw2
-93,12.80,246.41,salvora_gw1
-115,1.00,3206.82,salvora_gw2
-92,13.80,245.28,salvora_gw1
-109,7.80,3208.16,salvora_gw2
-98,7.00,244.7,salvora_gw1
-108,3.80,3209.01,salvora_gw2
-98,8.20,246.66,salvora_gw1
-111,2.20,3206.01,salvora_gw2
-95,12.80,245.7,salvora_gw1
-119,-7.80,3207.7,salvora_gw2
-98,12.80,244.97,salvora_gw1
-117,0.20,3208.97,salvora_gw2
-93,12.80,246.33,salvora_gw1
-110,5.00,3207.33,salvora_gw2
-95,13.20,248.6,salvora_gw1
-110,7.80,3204.57,salvora_gw2
-82,8.20,247.39,salvora_gw1
-110,3.50,3208.26,salvora_gw2
-95,8.80,273.91,salvora_gw1
-103,8.00,3197.87,salvora_gw2
-119,-7.80,5271.67,salvora_gw3
-114,1.20,289.54,salvora_gw1
-105,12.50,3196.88,salvora_gw2
-119,-5.00,5283.32,salvora_gw3
-103,9.20,295.39,salvora_gw1
-83,13.00,3196.65,salvora_gw2
-120,-9.00,5287.75,salvora_gw3
-103,11.50,300.56,salvora_gw1
-85,12.20,3210.25,salvora_gw2
-119,-5.50,5307.27,salvora_gw3
-89,11.80,304.11,salvora_gw1
-112,4.50,3215.03,salvora_gw2
-101,5.50,295.81,salvora_gw1
-108,4.80,3237.16,salvora_gw2
-119,-21.50,5332.51,salvora_gw3
-104,7.20,296.03,salvora_gw1
-107,5.80,3238.52,salvora_gw2
-120,-15.00,5334.08,salvora_gw3
-84,12.80,295.98,salvora_gw1
-100,9.80,3239.86,salvora_gw2
-117,-2.00,5335.42,salvora_gw3
-95,14.20,294.99,salvora_gw1
-104,11.00,3240.26,salvora_gw2
-94,13.80,294.34,salvora_gw1
-103,11.50,3239.09,salvora_gw2
-117,-1.20,5333.44,salvora_gw3
-104,11.20,294.51,salvora_gw1
-109,8.80,3241.13,salvora_gw2
-99,5.20,295.82,salvora_gw1
-109,4.50,3240.18,salvora_gw2
-119,-12.80,5335.63,salvora_gw3
-105,8.00,295.01,salvora_gw1
-107,5.80,3239.95,salvora_gw2
-119,-8.80,5334.81,salvora_gw3
-103,9.20,296.49,salvora_gw1
-89,12.20,3236.59,salvora_gw2
-105,9.20,5332.42,salvora_gw3
-78,10.80,328.05,salvora_gw1
-92,10.50,3210.15,salvora_gw2
-115,-0.20,5327.85,salvora_gw3
-79,13.80,336.89,salvora_gw1
-111,7.20,5336.41,salvora_gw3
-82,13.00,353.67,salvora_gw1
-97,12.80,3183.42,salvora_gw2
-108,8.20,5318.05,salvora_gw3
-80,12.00,337.15,salvora_gw1
-100,7.20,3174.32,salvora_gw2
-107,5.20,5294.99,salvora_gw3
-82,9.50,348.78,salvora_gw1
-95,9.80,3136.49,salvora_gw2
-102,8.20,5258.61,salvora_gw3
-85,12.20,361.65,salvora_gw1
-93,13.00,3121.77,salvora_gw2
-100,10.20,5250.9,salvora_gw3
-97,12.80,362.56,salvora_gw1
-93,12.80,3121.77,salvora_gw2
-93,11.80,5251.7,salvora_gw3
-80,14.50,419.85,salvora_gw1
-98,13.80,3098.7,salvora_gw2
-93,14.20,5271.61,salvora_gw3
-105,10.80,415.51,salvora_gw1
-99,12.80,3158.33,salvora_gw2
-105,10.20,5337.01,salvora_gw3
-92,9.80,437.12,salvora_gw1
-94,7.80,3225.19,salvora_gw2
-104,7.20,5419.25,salvora_gw3
-94,7.50,481.72,salvora_gw1
-95,8.00,3199.43,salvora_gw2
-105,5.80,5425.03,salvora_gw3
-78,9.80,653.41,salvora_gw1
-95,10.00,3255.36,salvora_gw2
-102,8.50,5584.67,salvora_gw3
-89,11.20,651.81,salvora_gw1
-101,10.80,3256.59,salvora_gw2
-102,9.50,5584.7,salvora_gw3
-85,14.20,1287.72,salvora_gw1
-95,13.80,4430.19,salvora_gw2
-109,7.00,6531.3,salvora_gw3
-87,14.00,1327.88,salvora_gw1
-98,13.20,4445.61,salvora_gw2
-104,11.00,6572.89,salvora_gw3
-91,8.00,1337.37,salvora_gw1
-93,7.00,4481.14,salvora_gw2
-115,-2.50,6580.04,salvora_gw3
-82,10.20,1428.36,salvora_gw1
-100,7.80,4574.22,salvora_gw2
-111,3.20,6669.07,salvora_gw3
-84,12.80,1443.53,salvora_gw1
-110,7.20,4599.71,salvora_gw2
-83,13.00,1449.03,salvora_gw1
-88,13.80,1404.11,salvora_gw1
-99,13.20,4560.16,salvora_gw2
-80,9.50,1318.42,salvora_gw1
-98,11.00,4475.69,salvora_gw2
-93,8.80,1285.42,salvora_gw1
-109,4.00,4444.99,salvora_gw2
-118,-2.80,6526.89,salvora_gw3
-85,8.50,1191.67,salvora_gw1
-104,5.80,4403.64,salvora_gw2
-119,-9.50,6423.98,salvora_gw3
-97,10.50,414.15,salvora_gw1
-108,7.80,3261.87,salvora_gw2
-108,5.20,380.86,salvora_gw1
-112,3.20,3267.44,salvora_gw2
-98,14.80,364.73,salvora_gw1
-95,13.50,3253.78,salvora_gw2
-87,12.80,341.51,salvora_gw1
-98,13.00,3213.55,salvora_gw2
-117,-0.20,5341.27,salvora_gw3
-87,9.80,315.68,salvora_gw1
-99,5.50,3216.67,salvora_gw2
-119,-7.80,5325.62,salvora_gw3
-94,5.80,307.95,salvora_gw1
-100,5.80,3232.51,salvora_gw2
-119,-10.50,5336.53,salvora_gw3
-102,11.80,309.72,salvora_gw1
-99,12.20,3232.76,salvora_gw2
-120,-12.50,5338.07,salvora_gw3
-102,11.00,309.51,salvora_gw1
-104,10.80,3233.3,salvora_gw2
-104,11.80,309.98,salvora_gw1
-112,5.20,3231.92,salvora_gw2
-101,10.20,307.95,salvora_gw1
-100,5.20,301.41,salvora_gw1
-110,5.00,3236.8,salvora_gw2
-119,-8.50,5336.2,salvora_gw3
-95,8.00,295.88,salvora_gw1
-114,1.80,3236.48,salvora_gw2
-120,-15.20,5331.87,salvora_gw3
-95,13.50,295.74,salvora_gw1
-111,5.80,3236.91,salvora_gw2
-119,-11.80,5332.2,salvora_gw3
-93,14.50,292.8,salvora_gw1
-114,3.50,3232.27,salvora_gw2
-119,-10.50,5325.22,salvora_gw3
-99,10.80,294.51,salvora_gw1
-108,7.80,3234.67,salvora_gw2
-110,2.50,995.95,salvora_gw1
-107,4.80,3260.11,salvora_gw2
-119,-15.00,5792.64,salvora_gw3
-112,1.20,1010.18,salvora_gw1
-107,5.50,3269.23,salvora_gw2
-104,7.50,1001.72,salvora_gw1
-105,7.00,3260.87,salvora_gw2
-98,12.50,996.74,salvora_gw1
-105,10.00,3253.83,salvora_gw2
-117,-1.00,5788.11,salvora_gw3
-94,14.00,1000.29,salvora_gw1
-115,1.80,3253.88,salvora_gw2
-120,-10.20,5790.17,salvora_gw3
-94,13.00,998.35,salvora_gw1
-118,-5.80,3257.02,salvora_gw2
-117,-2.00,3255.61,salvora_gw2
-95,9.80,996.06,salvora_gw1
-107,7.80,3251.88,salvora_gw2
-94,13.00,990.41,salvora_gw1
-98,11.80,3258.54,salvora_gw2
-97,12.00,978.71,salvora_gw1
-101,11.00,3278.72,salvora_gw2
-114,1.80,5797.44,salvora_gw3
-102,12.50,1454.38,salvora_gw1
-93,14.00,4425.09,salvora_gw2
-115,0.00,6689.73,salvora_gw3
-100,12.50,1458.74,salvora_gw1
-105,9.50,4442.39,salvora_gw2
-117,1.00,6696.37,salvora_gw3
-91,9.20,1437.28,salvora_gw1
-97,7.50,4435.82,salvora_gw2
-118,-5.50,6676.64,salvora_gw3
-89,8.80,1413.87,salvora_gw1
-94,9.00,4436.35,salvora_gw2
-115,-0.80,6655.81,salvora_gw3
-87,12.80,1373.84,salvora_gw1
-111,5.80,6617.06,salvora_gw3
-84,10.50,1411.81,salvora_gw1
-92,12.00,4411.64,salvora_gw2
-110,5.80,6650.76,salvora_gw3
-92,14.80,952.18,salvora_gw1
-95,15.20,3294.59,salvora_gw2
-111,7.00,5794.56,salvora_gw3
-91,11.00,988.05,salvora_gw1
-100,10.80,3270.15,salvora_gw2
-93,8.00,954.27,salvora_gw1
-100,5.20,3296.95,salvora_gw2
-89,8.80,986.05,salvora_gw1
-97,12.80,990.14,salvora_gw1
-92,14.50,990.03,salvora_gw1
-105,9.50,3257.64,salvora_gw2
-120,-9.00,5787.28,salvora_gw3
-90,15.50,989.79,salvora_gw1
-104,11.50,3257.61,salvora_gw2
-119,-8.20,5787.12,salvora_gw3
-95,13.00,989.27,salvora_gw1
-105,10.80,3257.12,salvora_gw2
-118,-3.80,5786.44,salvora_gw3
-97,7.80,990.68,salvora_gw1
-118,-4.00,5787.39,salvora_gw3
-93,8.00,988.7,salvora_gw1
-109,5.20,3258.32,salvora_gw2
-119,-5.20,5787.06,salvora_gw3
-97,12.00,989.19,salvora_gw1
-108,8.80,3256.26,salvora_gw2
-118,-4.80,5785.7,salvora_gw3
-110,4.00,992.74,salvora_gw1
-114,2.20,3257.14,salvora_gw2
-102,13.50,992.67,salvora_gw1
-120,-5.80,3257.98,salvora_gw2
-120,-12.00,5789.07,salvora_gw3
-115,-3.20,3258.78,salvora_gw2
-98,7.80,991.41,salvora_gw1
-118,-4.20,3256.12,salvora_gw2
-93,9.50,989.79,salvora_gw1
-107,8.50,3258.46,salvora_gw2
-110,7.00,964.3,salvora_gw1
-118,-1.00,3230.63,salvora_gw2
-110,7.20,964.3,salvora_gw1
-117,-2.00,3230.63,salvora_gw2
-110,4.50,963.49,salvora_gw1
-115,-3.50,3230.53,salvora_gw2
-119,-15.50,5750.21,salvora_gw3
-111,4.00,964.18,salvora_gw1
-118,-2.00,3231.73,salvora_gw2
-120,-15.20,5751.58,salvora_gw3
-109,5.80,964.18,salvora_gw1
-118,-1.50,3231.73,salvora_gw2
-119,-15.50,5751.58,salvora_gw3
-111,5.20,962.87,salvora_gw1
-118,-2.20,3243.87,salvora_gw2
-111,5.80,962.87,salvora_gw1
-118,-2.00,3243.87,salvora_gw2
-110,7.50,962.87,salvora_gw1
-118,-1.50,3243.87,salvora_gw2
-110,3.20,962.87,salvora_gw1
-118,-2.00,3243.87,salvora_gw2
-119,-15.20,5760.63,salvora_gw3
-111,4.00,962.87,salvora_gw1
-117,-2.00,3243.87,salvora_gw2
-120,-15.00,5760.63,salvora_gw3
-110,5.80,964.5,salvora_gw1
-117,-2.80,3244.07,salvora_gw2
-119,-15.20,5761.73,salvora_gw3
-111,5.80,964.5,salvora_gw1
-117,-3.00,3244.07,salvora_gw2
-120,-14.80,5761.73,salvora_gw3
-111,7.00,965.81,salvora_gw1
-118,-0.80,3231.93,salvora_gw2
-111,5.80,965.81,salvora_gw1
-118,-1.00,3231.93,salvora_gw2
-119,-7.00,964.5,salvora_gw1
-120,-13.00,3244.07,salvora_gw2
-118,-1.00,964.5,salvora_gw1
-115,0.50,3244.07,salvora_gw2
-120,-13.50,5761.73,salvora_gw3
-115,0.80,964.5,salvora_gw1
-120,-5.50,3244.07,salvora_gw2
-120,-13.00,5761.73,salvora_gw3
-115,-2.50,960.8,salvora_gw1
-115,-0.80,960.8,salvora_gw1
-115,2.20,960.8,salvora_gw1
-112,3.20,959.99,salvora_gw1
-121,-11.00,3247.99,salvora_gw2
-120,-13.20,5762.27,salvora_gw3
-114,2.00,959.99,salvora_gw1
-120,-19.20,5762.27,salvora_gw3
-118,-2.50,958.75,salvora_gw1
-121,-15.80,3252.31,salvora_gw2
-115,-2.80,958.75,salvora_gw1
-118,-14.00,3252.31,salvora_gw2
-120,-8.50,3252.31,salvora_gw2
-113,4.50,958.75,salvora_gw1
-105,7.00,958.75,salvora_gw1
-105,7.00,957.94,salvora_gw1
-118,-2.20,3252.21,salvora_gw2
-119,-5.20,5764.47,salvora_gw3
-104,10.00,957.94,salvora_gw1
-115,-0.20,3252.21,salvora_gw2
-101,12.00,957.94,salvora_gw1
-115,0.80,3252.21,salvora_gw2
-117,-1.20,964.07,salvora_gw1
-117,-1.80,3248.49,salvora_gw2
-118,-7.20,964.07,salvora_gw1
-115,-3.80,3248.49,salvora_gw2
-95,8.20,979.15,salvora_gw1
-115,1.20,3264.85,salvora_gw2
-120,-9.80,5786.76,salvora_gw3
-93,7.80,979.15,salvora_gw1
-112,3.20,3264.85,salvora_gw2
-119,-5.50,5786.76,salvora_gw3
-91,12.50,979.15,salvora_gw1
-114,1.50,3264.85,salvora_gw2
-119,-8.80,5786.76,salvora_gw3
-93,12.50,979.06,salvora_gw1
-113,4.80,3265.95,salvora_gw2
-119,-10.20,5787.58,salvora_gw3
-95,15.00,945.88,salvora_gw1
-117,1.00,3295.33,salvora_gw2
-120,-10.50,5791.5,salvora_gw3
-95,11.00,945.01,salvora_gw1
-115,0.50,3296.34,salvora_gw2
-118,-9.00,5791.78,salvora_gw3
-95,7.20,944.19,salvora_gw1
-107,4.00,3296.25,salvora_gw2
-118,-5.80,5791.23,salvora_gw3
-97,5.50,938.35,salvora_gw1
-104,5.80,3297.81,salvora_gw2
-119,-13.00,5789.07,salvora_gw3
-99,12.20,1417.15,salvora_gw1
-107,9.50,4429.75,salvora_gw2
-100,10.50,1416.63,salvora_gw1
-101,11.00,1416.12,salvora_gw1
-117,-2.80,4429.63,salvora_gw2
-103,11.00,1410.46,salvora_gw1
-111,5.80,4428.98,salvora_gw2
-102,7.80,1405.49,salvora_gw1
-115,0.00,4427.41,salvora_gw2
-119,-5.20,1399.25,salvora_gw1
-108,5.80,4427.74,salvora_gw2
-114,1.00,1399.25,salvora_gw1
-95,9.50,4427.74,salvora_gw2
-114,4.00,1399.25,salvora_gw1
-98,12.00,4427.74,salvora_gw2
-111,7.80,1399.25,salvora_gw1
-105,12.00,4427.74,salvora_gw2
-110,5.50,1399.39,salvora_gw1
-105,9.80,4426.74,salvora_gw2
-115,-2.50,1399.39,salvora_gw1
-111,3.80,4426.74,salvora_gw2
-117,-3.20,1399.39,salvora_gw1
-113,3.20,4426.74,salvora_gw2
-110,5.80,1399.39,salvora_gw1
-109,5.50,4426.74,salvora_gw2
-110,7.00,1399.39,salvora_gw1
-102,11.20,4426.74,salvora_gw2
-114,3.20,1398.66,salvora_gw1
-103,12.20,4424.63,salvora_gw2
-117,-4.80,1398.66,salvora_gw1
-102,10.20,4424.63,salvora_gw2
-99,5.50,1398.66,salvora_gw1
-120,-11.20,4424.63,salvora_gw2
-105,5.80,1398.66,salvora_gw1
-119,-4.20,4424.63,salvora_gw2
-120,-15.50,6640.72,salvora_gw3
-101,8.80,1380.63,salvora_gw1
-107,8.20,4417.64,salvora_gw2
-119,-11.20,6623.55,salvora_gw3
-103,10.80,1379.75,salvora_gw1
-110,8.00,4416.53,salvora_gw2
-105,10.50,1378.25,salvora_gw1
-111,5.80,4416.37,salvora_gw2
-109,8.00,1376.87,salvora_gw1
-105,10.00,4415.21,salvora_gw2
-105,5.20,1376.37,salvora_gw1
-115,-1.00,4415.16,salvora_gw2
-107,5.20,765.16,salvora_gw1
-117,0.50,3289.53,salvora_gw2
-111,7.00,764.3,salvora_gw1
-107,7.50,763.48,salvora_gw1
-113,2.80,3290.54,salvora_gw2
-117,-5.50,761.84,salvora_gw1
-114,2.50,3290.44,salvora_gw2
-113,5.50,760.97,salvora_gw1
-120,-7.00,3291.5,salvora_gw2
-110,5.20,1326.86,salvora_gw1
-119,-4.20,4424.34,salvora_gw2
-105,5.20,1328.26,salvora_gw1
-110,2.50,1328.26,salvora_gw1
-119,-10.20,4426.53,salvora_gw2
-113,5.20,1347.93,salvora_gw1
-105,10.50,1351.76,salvora_gw1
-113,2.20,1351.76,salvora_gw1
-105,5.80,1355.23,salvora_gw1
-99,11.00,1390.99,salvora_gw1
-109,7.20,1391.95,salvora_gw1
-110,5.50,1392.9,salvora_gw1
-95,11.50,1394.82,salvora_gw1
-92,10.20,1398.39,salvora_gw1
-105,3.20,1425.34,salvora_gw1
-117,-7.80,4561.97,salvora_gw2
-98,9.50,1425.34,salvora_gw1
-114,1.50,4561.97,salvora_gw2
-87,12.00,1425.34,salvora_gw1
-115,2.80,4561.97,salvora_gw2
-89,14.50,1429.05,salvora_gw1
-113,4.80,4565.35,salvora_gw2
-90,11.50,1429.05,salvora_gw1
-114,3.80,4565.35,salvora_gw2
-105,5.80,1429.05,salvora_gw1
-119,-10.80,4565.35,salvora_gw2
-119,-18.50,6671.14,salvora_gw3
-97,5.50,1429.05,salvora_gw1
-118,-5.20,4565.35,salvora_gw2
-105,11.00,1428.08,salvora_gw1
-119,-3.80,4564.24,salvora_gw2
-95,11.20,1394.82,salvora_gw1
-117,-4.50,4523.26,salvora_gw2
-109,7.80,1393.86,salvora_gw1
-98,13.20,1389.9,salvora_gw1
-119,-3.80,4516.64,salvora_gw2
-101,5.20,1389.9,salvora_gw1
-101,5.20,1383.32,salvora_gw1
-105,9.50,1383.32,salvora_gw1
-119,-3.20,1382.36,salvora_gw1
-110,8.20,1368.45,salvora_gw1
-110,5.20,1368.45,salvora_gw1
-108,5.00,1365.65,salvora_gw1
-118,-4.20,1365.65,salvora_gw1
-120,-13.50,4511.12,salvora_gw2
-119,-5.50,1365.65,salvora_gw1
-120,-13.00,4511.12,salvora_gw2
-113,2.80,1365.03,salvora_gw1
-118,-4.00,1365.03,salvora_gw1
-113,1.80,1366.11,salvora_gw1
-105,4.80,1365.55,salvora_gw1
-120,-15.20,4507.91,salvora_gw2
-103,5.80,1367.92,salvora_gw1
-119,-12.20,4504.84,salvora_gw2
-115,-0.50,1365.99,salvora_gw1
-118,-8.80,4502.61,salvora_gw2
-107,9.00,1365.39,salvora_gw1
-120,-9.20,4490.93,salvora_gw2
-100,13.80,1364.44,salvora_gw1
-108,8.20,1363.06,salvora_gw1
-111,3.80,1350.05,salvora_gw1
-119,-14.50,4472.08,salvora_gw2
-105,5.20,1347.73,salvora_gw1
-112,5.80,1317.35,salvora_gw1
-110,5.00,1316.39,salvora_gw1
-117,-5.80,1304.99,salvora_gw1
-115,0.80,1303.62,salvora_gw1
-117,-2.00,1277.57,salvora_gw1
-120,-15.20,4416.37,salvora_gw2
-114,3.00,1276.2,salvora_gw1
-120,-8.80,4415.25,salvora_gw2
-104,9.20,647.68,salvora_gw1
-107,9.20,647.79,salvora_gw1
-121,-10.00,3254.5,salvora_gw2
-115,2.80,638.92,salvora_gw1
-117,-2.50,3236.42,salvora_gw2
-119,-9.50,5558.39,salvora_gw3
-117,-5.80,635.56,salvora_gw1
-115,-3.20,3233.05,salvora_gw2
-119,-14.00,5554.78,salvora_gw3
-119,-5.50,630.8,salvora_gw1
-114,3.20,3226.28,salvora_gw2
-119,-8.20,5545.98,salvora_gw3
-118,-5.50,630.96,salvora_gw1
-112,3.50,3225.16,salvora_gw2
-119,-7.50,5545.12,salvora_gw3
-119,-7.50,630.96,salvora_gw1
-112,3.80,3225.16,salvora_gw2
-119,-12.20,5545.12,salvora_gw3
-118,-5.00,644.7,salvora_gw1
-111,5.00,3205.36,salvora_gw2
-118,-11.20,5536.56,salvora_gw3
-120,-5.50,644.7,salvora_gw1
-111,7.50,3205.36,salvora_gw2
-111,3.80,644.7,salvora_gw1
-118,-2.80,3205.36,salvora_gw2
-119,-11.20,5536.56,salvora_gw3
-109,5.50,644.5,salvora_gw1
-111,3.80,3206.47,salvora_gw2
-119,-5.00,5537.41,salvora_gw3
-108,7.80,3205.34,salvora_gw2
-119,-5.20,5536.03,salvora_gw3
-113,4.50,3205.34,salvora_gw2
-115,0.20,5536.03,salvora_gw3
-113,4.80,632.02,salvora_gw1
-114,5.20,3195.07,salvora_gw2
-119,-5.50,5519.42,salvora_gw3
-118,-3.50,631.22,salvora_gw1
-109,8.50,3195.06,salvora_gw2
-119,-5.00,5518.89,salvora_gw3
-119,-5.50,630.66,salvora_gw1
-112,3.50,3178.32,salvora_gw2
-119,-14.20,5503.46,salvora_gw3
-119,-9.50,639.03,salvora_gw1
-101,5.80,3147.2,salvora_gw2
-119,-11.80,5480.14,salvora_gw3
-120,-9.20,639.03,salvora_gw1
-110,5.80,3147.2,salvora_gw2
-119,-10.20,639.03,salvora_gw1
-108,7.20,3147.2,salvora_gw2
-117,-1.20,639.03,salvora_gw1
-119,-12.50,5480.14,salvora_gw3
-119,-12.50,645.53,salvora_gw1
-101,11.50,3121.62,salvora_gw2
-102,12.00,3121.62,salvora_gw2
-105,4.00,3120.48,salvora_gw2
-119,-9.20,5458.17,salvora_gw3
-102,8.50,3118.24,salvora_gw2
-105,10.00,3118.24,salvora_gw2
-119,-13.80,5455.94,salvora_gw3
-102,11.20,3080.41,salvora_gw2
-120,-8.00,5369.47,salvora_gw3
-104,10.80,3080.41,salvora_gw2
-98,11.00,3078.18,salvora_gw2
-118,-13.80,576.63,salvora_gw1
-105,5.20,3071.53,salvora_gw2
-118,-9.20,5361.59,salvora_gw3
-105,5.00,3030.57,salvora_gw2
-104,12.50,3030.57,salvora_gw2
-95,12.50,3029.46,salvora_gw2
-98,14.00,3027.29,salvora_gw2
-119,-11.00,5319.07,salvora_gw3
-104,11.80,3026.17,salvora_gw2
-119,-15.50,603.11,salvora_gw1
-94,8.20,3010.42,salvora_gw2
-118,-8.50,5313.21,salvora_gw3
-98,7.80,3010.42,salvora_gw2
-118,-7.50,5313.21,salvora_gw3
-97,12.00,3009.31,salvora_gw2
-119,-5.80,5312.36,salvora_gw3
-100,11.20,3002.89,salvora_gw2
-119,-10.20,5378.5,salvora_gw3
-98,10.00,3002.89,salvora_gw2
-97,11.00,3002.96,salvora_gw2
-119,-5.50,5380.67,salvora_gw3
-95,8.00,3000.74,salvora_gw2
-119,-5.00,5378.99,salvora_gw3
-97,5.50,3000.74,salvora_gw2
-118,-5.20,5378.99,salvora_gw3
-119,-9.50,706.6,salvora_gw1
-105,9.00,3000.74,salvora_gw2
-118,-7.50,5378.99,salvora_gw3
-120,-10.00,706.6,salvora_gw1
-100,11.20,3000.74,salvora_gw2
-120,-10.50,5378.99,salvora_gw3
-118,-10.50,707.1,salvora_gw1
-102,11.00,2999.63,salvora_gw2
-104,11.50,2999.63,salvora_gw2
-119,-13.80,703.58,salvora_gw1
-105,5.00,2984.95,salvora_gw2
-120,-10.50,5359.72,salvora_gw3
-98,5.80,2984.95,salvora_gw2
-119,-11.20,5359.72,salvora_gw3
-119,-4.80,622.15,salvora_gw1
-115,2.80,2985.85,salvora_gw2
-119,-11.00,5299.36,salvora_gw3
-112,5.00,2985.84,salvora_gw2
-119,-7.50,611.72,salvora_gw1
-113,4.00,3005.87,salvora_gw2
-102,11.80,3014.95,salvora_gw2
-118,-15.20,595.9,salvora_gw1
-115,-2.00,3014.97,salvora_gw2
-119,-15.00,5312.89,salvora_gw3
-115,1.00,3016.09,salvora_gw2
-114,1.50,3019.5,salvora_gw2
-118,-4.20,3019.5,salvora_gw2
-115,3.00,2977.2,salvora_gw2
-115,2.80,2974.98,salvora_gw2
-117,-2.20,2959.56,salvora_gw2
-115,-11.20,2959.59,salvora_gw2
-118,0.00,2908.16,salvora_gw2
-117,-3.00,2907.05,salvora_gw2
-115,-0.80,2901.71,salvora_gw2
-120,-17.00,605.5,salvora_gw1
-115,1.00,2901.71,salvora_gw2
-120,-21.50,5175.89,salvora_gw3
-110,4.50,2901.75,salvora_gw2
-110,7.20,2901.75,salvora_gw2
-119,-12.00,5175.36,salvora_gw3
-107,7.80,2862.14,salvora_gw2
-107,11.00,2861.03,salvora_gw2
-104,11.50,2843.38,salvora_gw2
-105,4.20,2842.27,salvora_gw2
-119,-7.80,5122.8,salvora_gw3
-105,5.50,2824.79,salvora_gw2
-119,-17.20,5105.58,salvora_gw3
-102,11.80,2823.68,salvora_gw2
-110,7.80,2788.04,salvora_gw2
-113,3.50,2786.97,salvora_gw2
-110,7.50,2764.64,salvora_gw2
-118,-21.00,679.75,salvora_gw1
-114,1.00,2763.53,salvora_gw2
-119,-10.80,5035.11,salvora_gw3
-120,-14.20,679.28,salvora_gw1
-115,1.80,2763.58,salvora_gw2
-120,-9.50,5034.57,salvora_gw3
-105,1.20,2748.38,salvora_gw2
-120,-12.50,5019.6,salvora_gw3
-105,8.00,2700.92,salvora_gw2
-111,5.80,2699.88,salvora_gw2
-114,4.20,2699.94,salvora_gw2
-118,-5.20,2693.63,salvora_gw2
-111,3.00,2692.59,salvora_gw2
-119,-4.80,2681.4,salvora_gw2
-117,0.00,2681.4,salvora_gw2
-118,-0.50,2681.4,salvora_gw2
-115,0.00,2685.73,salvora_gw2
-119,-4.80,2685.73,salvora_gw2
-119,-4.50,2689.37,salvora_gw2
-113,4.50,2690.48,salvora_gw2
-118,-1.20,2690.48,salvora_gw2
-112,4.80,2692.93,salvora_gw2
-112,2.00,2692.93,salvora_gw2
-105,5.80,2692.93,salvora_gw2
-108,8.50,2694.12,salvora_gw2
-114,3.50,2700.84,salvora_gw2
-120,-9.80,2681.23,salvora_gw2
-118,-4.00,2681.31,salvora_gw2
-120,-8.20,2679.17,salvora_gw2
-120,-7.50,2663.92,salvora_gw2
-115,-7.00,2729.99,salvora_gw2
-117,1.80,2727.7,salvora_gw2
-114,4.20,2722.16,salvora_gw2
-119,-15.80,4918.25,salvora_gw3
-120,-10.80,2706.94,salvora_gw2
-117,0.80,2705.83,salvora_gw2
-119,-5.50,2697.93,salvora_gw2
-119,-10.50,2692.74,salvora_gw2
-109,5.00,2690.61,salvora_gw2
-110,4.80,2685.26,salvora_gw2
-119,-5.20,2639.58,salvora_gw2
-119,-12.20,748,salvora_gw1
-118,-12.50,748,salvora_gw1
-119,-7.20,2639.58,salvora_gw2
-120,-7.50,748,salvora_gw1
-115,-0.50,2637.28,salvora_gw2
-118,-8.20,2523.37,salvora_gw2
-120,-7.00,2523.37,salvora_gw2
-120,-7.20,2523.28,salvora_gw2
-115,1.00,2523.28,salvora_gw2
-95,9.20,2519.22,salvora_gw2
-100,7.20,2519.22,salvora_gw2
-107,9.20,2519.22,salvora_gw2
-109,5.80,2519.22,salvora_gw2
-114,2.80,2490.94,salvora_gw2
-105,10.00,2490.01,salvora_gw2
-111,2.20,2488.83,salvora_gw2
-119,-14.00,4779.38,salvora_gw3
-109,5.80,2486.37,salvora_gw2
-117,-1.50,2408.33,salvora_gw2
-117,1.00,2407.15,salvora_gw2
-119,-5.50,2405.97,salvora_gw2
-117,-3.20,989.06,salvora_gw1
-117,-2.50,2405.9,salvora_gw2
-119,-8.20,990.09,salvora_gw1
-115,0.00,2404.79,salvora_gw2
-119,-10.20,4752.86,salvora_gw3
-117,-4.20,1047.1,salvora_gw1
-119,-7.80,4725.57,salvora_gw3
-118,-2.00,1048.43,salvora_gw1
-117,0.20,2347.91,salvora_gw2
-119,-8.50,4725.35,salvora_gw3
-115,0.50,2346.8,salvora_gw2
-119,-8.00,4724.55,salvora_gw3
-119,-5.80,4720.8,salvora_gw3
-120,-15.80,1053.91,salvora_gw1
-111,4.20,2342.31,salvora_gw2
-118,-4.50,4721.94,salvora_gw3
-120,-13.20,1055.98,salvora_gw1
-112,5.20,2340.09,salvora_gw2
-117,-2.20,4720.35,salvora_gw3
-120,-15.50,1057.32,salvora_gw1
-115,1.80,2338.92,salvora_gw2
-118,-4.50,4720.13,salvora_gw3
-120,-12.20,1101.31,salvora_gw1
-114,3.50,2296.71,salvora_gw2
-118,-4.20,4701.77,salvora_gw3
-119,-12.80,1109.9,salvora_gw1
-115,1.00,2287.78,salvora_gw2
-117,-3.00,4696.04,salvora_gw3
-108,9.50,2287.78,salvora_gw2
-115,-1.50,4696.04,salvora_gw3
-118,-2.80,2287.78,salvora_gw2
-117,-3.80,2286.67,salvora_gw2
-120,-8.00,2282.36,salvora_gw2
-117,-1.50,1114.5,salvora_gw1
-105,10.80,2282.36,salvora_gw2
-118,-2.50,4690.95,salvora_gw3
-120,-7.50,1113.46,salvora_gw1
-118,-0.80,2283.47,salvora_gw2
-119,-7.20,4691.73,salvora_gw3
-119,-4.50,1085.44,salvora_gw1
-119,-9.80,2304.66,salvora_gw2
-118,-3.80,4684.39,salvora_gw3
-119,-8.20,1084.88,salvora_gw1
-118,-4.00,4683.24,salvora_gw3
-118,-12.50,1085.65,salvora_gw1
-114,1.00,2303.77,salvora_gw2
-118,-5.20,4681.87,salvora_gw3
-119,-8.20,1093.17,salvora_gw1
-114,3.50,2294.31,salvora_gw2
-107,9.80,2281.49,salvora_gw2
-115,-0.50,2281.57,salvora_gw2
-119,-18.80,4639.49,salvora_gw3
-112,4.00,2280.55,salvora_gw2
-105,8.00,2278.01,salvora_gw2
-104,11.20,2290.22,salvora_gw2
-119,-13.80,4623.43,salvora_gw3
-105,11.80,2291.33,salvora_gw2
-102,10.50,2290.22,salvora_gw2
-105,5.00,2290.22,salvora_gw2
-119,-8.20,4623.43,salvora_gw3
-110,4.50,2290.22,salvora_gw2
-120,-11.00,4623.43,salvora_gw3
-113,3.00,2290.22,salvora_gw2
-118,-7.00,4623.43,salvora_gw3
-109,5.50,2288.65,salvora_gw2
-118,-8.20,4610.77,salvora_gw3
-101,11.50,2287.65,salvora_gw2
-105,10.80,2284.71,salvora_gw2
-115,0.80,4584.68,salvora_gw3
-101,5.00,2284.82,salvora_gw2
-119,-7.00,4584.11,salvora_gw3
-93,7.50,2282.58,salvora_gw2
-117,-2.50,4570.12,salvora_gw3
-95,11.80,2282.69,salvora_gw2
-118,-5.20,4569.55,salvora_gw3
-120,-14.20,1081.91,salvora_gw1
-98,12.80,2284,salvora_gw2
-113,4.20,4551.54,salvora_gw3
-101,11.00,2284,salvora_gw2
-118,-7.20,4551.54,salvora_gw3
-120,-10.50,1081.91,salvora_gw1
-95,13.00,2284,salvora_gw2
-119,-5.20,4551.54,salvora_gw3
-120,-13.00,1081.91,salvora_gw1
-109,5.00,2284,salvora_gw2
-120,-12.50,4551.54,salvora_gw3
-117,-1.80,1081.75,salvora_gw1
-110,5.20,2284.12,salvora_gw2
-113,2.80,4550.98,salvora_gw3
-118,-10.20,1081.75,salvora_gw1
-109,7.20,2284.12,salvora_gw2
-115,1.00,4550.98,salvora_gw3
-115,-2.50,1081.75,salvora_gw1
-108,7.00,2284.12,salvora_gw2
-113,3.20,4550.98,salvora_gw3
-120,-5.00,1059.22,salvora_gw1
-105,10.80,2306.95,salvora_gw2
-119,-5.50,4569.07,salvora_gw3
-110,7.20,2308.18,salvora_gw2
-119,-7.20,4569.31,salvora_gw3
-119,-11.80,1045.97,salvora_gw1
-105,5.00,2319.49,salvora_gw2
-117,-2.80,4564.57,salvora_gw3
-119,-5.00,1045.81,salvora_gw1
-103,7.20,2319.62,salvora_gw2
-114,-0.50,4564.01,salvora_gw3
-105,8.50,2322.73,salvora_gw2
-113,2.80,4561.72,salvora_gw3
-119,-5.00,1041.3,salvora_gw1
-102,12.80,2323.96,salvora_gw2
-113,4.20,4561.98,salvora_gw3
-119,-7.00,1006.22,salvora_gw1
-115,3.20,2359.98,salvora_gw2
-104,12.20,4601.1,salvora_gw3
-105,9.00,2359.86,salvora_gw2
-105,8.50,4601.65,salvora_gw3
-105,5.00,1004.71,salvora_gw1
-104,5.20,2362.05,salvora_gw2
-108,5.80,4609.12,salvora_gw3
-115,-1.50,1003.8,salvora_gw1
-100,7.00,2363.03,salvora_gw2
-119,-7.50,4610.49,salvora_gw3
-108,7.50,980.32,salvora_gw1
-115,1.80,2386.24,salvora_gw2
-117,-5.00,4621.27,salvora_gw3
-105,8.50,980.14,salvora_gw1
-100,11.00,2386.36,salvora_gw2
-117,-2.00,4620.72,salvora_gw3
-95,12.00,979.1,salvora_gw1
-104,10.20,2387.1,salvora_gw2
-114,2.00,4617.39,salvora_gw3
-100,12.20,979.1,salvora_gw1
-102,11.50,2387.1,salvora_gw2
-114,3.20,4617.39,salvora_gw3
-98,5.80,976.58,salvora_gw1
-104,5.50,2389.55,salvora_gw2
-115,1.00,4617.92,salvora_gw3
-99,5.20,975.49,salvora_gw1
-105,5.20,2390.65,salvora_gw2
-115,0.50,4618.74,salvora_gw3
-101,11.00,973.9,salvora_gw1
-105,9.80,2392.12,salvora_gw2
-115,0.00,4617.9,salvora_gw3
-114,2.50,4617.9,salvora_gw3
-99,11.50,973.9,salvora_gw1
-107,9.00,2392.12,salvora_gw2
-115,1.00,4617.9,salvora_gw3
-99,12.00,973.9,salvora_gw1
-105,10.00,2392.12,salvora_gw2
-114,3.50,4617.9,salvora_gw3
-101,5.20,973.9,salvora_gw1
-107,5.20,2392.12,salvora_gw2
-115,-1.00,4617.9,salvora_gw3
-98,7.20,973.9,salvora_gw1
-107,5.80,2392.12,salvora_gw2
-115,0.50,4617.9,salvora_gw3
-99,10.00,972.64,salvora_gw1
-107,8.50,2393.35,salvora_gw2
-115,0.50,4618.17,salvora_gw3
-98,12.50,972.64,salvora_gw1
-105,8.80,2393.35,salvora_gw2
-115,0.20,4618.17,salvora_gw3
-99,14.20,972.98,salvora_gw1
-105,10.80,2393.1,salvora_gw2
-114,3.50,4619.28,salvora_gw3
-99,12.50,972.98,salvora_gw1
-114,4.80,2393.1,salvora_gw2
-117,0.50,4619.28,salvora_gw3
-94,8.00,972.98,salvora_gw1
-113,2.20,2393.1,salvora_gw2
-118,-5.00,4619.28,salvora_gw3
-92,8.00,972.98,salvora_gw1
-117,-1.00,2393.1,salvora_gw2
-115,-1.20,4619.28,salvora_gw3
-95,10.50,972.98,salvora_gw1
-110,5.50,2393.1,salvora_gw2
-113,2.80,4619.28,salvora_gw3
-95,11.50,972.98,salvora_gw1
-115,2.80,2393.1,salvora_gw2
-118,-5.20,4619.28,salvora_gw3
-95,14.50,972.98,salvora_gw1
-113,2.50,2393.1,salvora_gw2
-117,0.80,4619.28,salvora_gw3
-94,12.50,972.98,salvora_gw1
-115,-4.50,2393.1,salvora_gw2
-117,-1.20,4619.28,salvora_gw3
-119,-9.20,974.06,salvora_gw1
-108,5.20,2392,salvora_gw2
-115,1.20,4618.45,salvora_gw3
-102,8.50,974.06,salvora_gw1
-101,8.80,2392,salvora_gw2
-119,-13.80,4618.45,salvora_gw3
-114,3.80,974.06,salvora_gw1
-109,8.80,2392,salvora_gw2
-110,5.00,975.84,salvora_gw1
-99,10.20,2390.4,salvora_gw2
-118,-5.80,4619.85,salvora_gw3
-107,8.20,975.84,salvora_gw1
-98,11.20,2390.4,salvora_gw2
-113,3.80,4619.85,salvora_gw3
-105,10.00,975.84,salvora_gw1
-115,3.80,2390.4,salvora_gw2
-117,-0.20,4619.85,salvora_gw3
-104,5.20,2390.28,salvora_gw2
-108,4.50,4620.4,salvora_gw3
-115,-2.20,993.35,salvora_gw1
-104,5.80,2373.05,salvora_gw2
-108,5.00,4611.45,salvora_gw3
-111,5.00,993.35,salvora_gw1
-95,13.00,2373.05,salvora_gw2
-115,1.80,4611.45,salvora_gw3
-108,9.00,995.53,salvora_gw1
-97,13.50,2370.85,salvora_gw2
-104,10.80,4609.82,salvora_gw3
-114,0.20,997.09,salvora_gw1
-95,12.00,2368.8,salvora_gw2
-110,5.50,4601.81,salvora_gw3
-105,8.80,985.97,salvora_gw1
-98,11.20,2379.15,salvora_gw2
-107,7.80,4590.65,salvora_gw3
-105,4.80,985.67,salvora_gw1
-103,5.80,2379.42,salvora_gw2
-104,5.20,4589.55,salvora_gw3
-100,7.80,984.43,salvora_gw1
-111,5.80,2380.65,salvora_gw2
-107,5.20,4589.82,salvora_gw3
-97,11.20,983.42,salvora_gw1
-110,5.80,2381.6,salvora_gw2
-102,11.80,4585.95,salvora_gw3
-95,10.80,926.35,salvora_gw1
-107,8.00,2439.6,salvora_gw2
-108,5.80,4589.84,salvora_gw3
-98,14.20,925.03,salvora_gw1
-107,10.50,2440.99,salvora_gw2
-107,9.20,4589.59,salvora_gw3
-103,11.20,922.72,salvora_gw1
-105,9.50,2443.33,salvora_gw2
-108,8.50,4590.72,salvora_gw3
-108,3.80,922.31,salvora_gw1
-117,-1.20,2443.93,salvora_gw2
-103,5.20,4588.55,salvora_gw3
-110,4.80,919.12,salvora_gw1
-113,2.80,2447.65,salvora_gw2
-100,5.50,4584.81,salvora_gw3
-105,10.00,918.93,salvora_gw1
-110,7.80,2447.96,salvora_gw2
-111,5.00,4583.73,salvora_gw3
-100,12.20,918.74,salvora_gw1
-108,9.00,2448.27,salvora_gw2
-113,4.20,4582.65,salvora_gw3
-92,15.00,918.56,salvora_gw1
-110,8.00,2448.58,salvora_gw2
-108,8.80,4581.57,salvora_gw3
-95,12.20,919.82,salvora_gw1
-102,11.20,4573.96,salvora_gw3
-114,-1.00,928.19,salvora_gw1
-113,2.80,2443.81,salvora_gw2
-110,4.00,4544.04,salvora_gw3
-105,5.80,928.13,salvora_gw1
-113,3.00,2443.98,salvora_gw2
-114,1.00,4543.5,salvora_gw3
-107,7.80,928.08,salvora_gw1
-113,3.20,2444.15,salvora_gw2
-109,7.00,928.03,salvora_gw1
-107,8.20,2444.32,salvora_gw2
-115,0.50,4542.43,salvora_gw3
-108,7.20,943.16,salvora_gw1
-108,8.00,2436.01,salvora_gw2
-114,1.80,4505.69,salvora_gw3
-104,11.00,946.37,salvora_gw1
-112,5.20,2434.24,salvora_gw2
-114,2.20,4498.89,salvora_gw3
-97,7.20,946.37,salvora_gw1
-100,7.20,2434.24,salvora_gw2
-110,3.50,4498.89,salvora_gw3
-105,5.00,947.48,salvora_gw1
-113,2.80,2433.16,salvora_gw2
-113,2.20,4498.05,salvora_gw3
-103,9.50,947.48,salvora_gw1
-112,5.80,2433.16,salvora_gw2
-115,0.80,4498.05,salvora_gw3
-107,5.00,946.36,salvora_gw1
-115,0.00,2434.43,salvora_gw2
-112,4.00,4498.36,salvora_gw3
-105,8.50,946.36,salvora_gw1
-115,1.80,2434.43,salvora_gw2
-111,5.00,4498.36,salvora_gw3
-102,5.20,946.35,salvora_gw1
-105,7.00,2434.61,salvora_gw2
-120,-8.80,4497.82,salvora_gw3
-99,9.20,946.36,salvora_gw1
-114,3.50,2434.43,salvora_gw2
-109,4.80,4498.36,salvora_gw3
-107,5.80,946.36,salvora_gw1
-110,-10.00,2434.43,salvora_gw2
-113,4.20,4498.36,salvora_gw3
-102,9.20,946.36,salvora_gw1
-107,7.50,2434.43,salvora_gw2
-105,11.20,946.36,salvora_gw1
-104,12.20,2434.43,salvora_gw2
-107,9.80,4498.36,salvora_gw3
-105,10.80,946.36,salvora_gw1
-111,5.50,2434.43,salvora_gw2
-107,9.50,4498.36,salvora_gw3
-100,7.20,939.67,salvora_gw1
-112,2.50,2441.3,salvora_gw2
-110,2.80,4502.36,salvora_gw3
-105,5.00,939.67,salvora_gw1
-108,5.00,2441.3,salvora_gw2
-119,-9.00,4502.36,salvora_gw3
-105,7.20,939.68,salvora_gw1
-113,3.00,2441.11,salvora_gw2
-105,9.80,926.27,salvora_gw1
-113,4.20,2455.6,salvora_gw2
-117,-0.80,4508.78,salvora_gw3
-114,4.20,917.37,salvora_gw1
-109,8.80,2466.71,salvora_gw2
-117,-0.20,4508.67,salvora_gw3
-100,10.50,915.15,salvora_gw1
-105,9.20,2469.06,salvora_gw2
-100,7.20,914.09,salvora_gw1
-109,5.00,2471.48,salvora_gw2
-119,-7.50,4506.99,salvora_gw3
-103,5.00,889.41,salvora_gw1
-103,8.00,2509.28,salvora_gw2
-113,3.80,4496.02,salvora_gw3
-95,10.00,889.41,salvora_gw1
-118,-3.20,2509.28,salvora_gw2
-118,-8.50,4496.02,salvora_gw3
-95,12.80,877.26,salvora_gw1
-107,9.80,2521.33,salvora_gw2
-119,-7.20,4504.96,salvora_gw3
-99,11.20,870.67,salvora_gw1
-112,4.00,2527.99,salvora_gw2
-99,12.50,856.7,salvora_gw1
-108,9.20,2538.5,salvora_gw2
-119,-3.50,4526.16,salvora_gw3
-99,5.80,855.54,salvora_gw1
-115,1.00,2539.38,salvora_gw2
-119,-12.00,4527.54,salvora_gw3
-102,7.00,854.43,salvora_gw1
-111,3.00,2540.46,salvora_gw2
-118,-5.80,4528.4,salvora_gw3
-104,10.00,848.69,salvora_gw1
-115,1.20,2545.06,salvora_gw2
-119,-14.50,4534.79,salvora_gw3
-102,11.00,847.53,salvora_gw1
-118,-1.50,2545.94,salvora_gw2
-99,12.00,688.36,salvora_gw1
-114,3.00,2698.86,salvora_gw2
-118,-7.00,4664.99,salvora_gw3
-102,11.80,687.25,salvora_gw1
-117,1.20,2699.94,salvora_gw2
-117,-3.50,4665.86,salvora_gw3
-108,5.00,687.25,salvora_gw1
-115,0.80,2699.94,salvora_gw2
-119,-7.00,4665.86,salvora_gw3
-107,5.50,628.98,salvora_gw1
-117,-1.00,2766.59,salvora_gw2
-105,7.80,628.98,salvora_gw1
-115,-0.50,2766.59,salvora_gw2
-114,3.00,4695.23,salvora_gw3
-115,0.20,628.98,salvora_gw1
-118,-4.00,2766.59,salvora_gw2
-115,1.20,4695.23,salvora_gw3
-110,7.80,629.07,salvora_gw1
-115,2.50,2766.77,salvora_gw2
-115,0.80,4694.73,salvora_gw3
-113,5.00,619.25,salvora_gw1
-115,3.00,2779.87,salvora_gw2
-117,0.50,4697.64,salvora_gw3
-104,5.20,619.25,salvora_gw1
-120,-9.20,2779.87,salvora_gw2
-118,-5.00,4697.64,salvora_gw3
-115,0.20,619.25,salvora_gw1
-115,0.80,2779.87,salvora_gw2
-115,-2.00,4697.64,salvora_gw3
-113,2.20,620.35,salvora_gw1
-113,3.50,2778.79,salvora_gw2
-115,0.50,4696.76,salvora_gw3
-117,-0.50,620.35,salvora_gw1
-119,-5.80,2778.79,salvora_gw2
-110,7.20,4696.76,salvora_gw3
-105,8.50,620.35,salvora_gw1
-115,-3.00,2778.79,salvora_gw2
-117,0.00,4696.76,salvora_gw3
-108,7.50,620.35,salvora_gw1
-119,-7.50,2778.79,salvora_gw2
-115,0.50,4696.76,salvora_gw3
-105,4.50,620.35,salvora_gw1
-119,-3.50,2778.79,salvora_gw2
-115,-0.80,4696.76,salvora_gw3
-107,5.20,619.47,salvora_gw1
-120,-5.20,2780.26,salvora_gw2
-115,-0.50,4696.65,salvora_gw3
-107,9.20,619.47,salvora_gw1
-119,-8.00,2780.26,salvora_gw2
-115,0.50,4696.65,salvora_gw3
-119,-5.00,619.47,salvora_gw1
-119,-5.20,2780.26,salvora_gw2
-117,-3.20,4696.65,salvora_gw3
-111,7.00,619.47,salvora_gw1
-121,-10.00,2780.26,salvora_gw2
-117,-1.00,4696.65,salvora_gw3
-115,2.80,620.57,salvora_gw1
-121,-8.00,2779.18,salvora_gw2
-105,4.50,620.57,salvora_gw1
-115,-1.80,2779.18,salvora_gw2
-107,5.50,619.47,salvora_gw1
-118,-5.80,2780.26,salvora_gw2
-119,-14.20,4696.65,salvora_gw3
-105,10.00,619.47,salvora_gw1
-115,2.20,2780.26,salvora_gw2
-117,-1.20,4696.65,salvora_gw3
-118,-3.20,616.39,salvora_gw1
-115,0.00,2783.88,salvora_gw2
-119,-7.00,4698.33,salvora_gw3
-113,5.50,617.38,salvora_gw1
-113,4.80,2782.61,salvora_gw2
-113,4.50,617.49,salvora_gw1
-115,2.00,2782.8,salvora_gw2
-119,-7.80,4697.44,salvora_gw3
-114,2.00,617.49,salvora_gw1
-111,4.80,2782.8,salvora_gw2
-117,-2.50,4697.44,salvora_gw3
-100,7.80,618.04,salvora_gw1
-120,-5.80,2780.76,salvora_gw2
-118,-3.50,4699.02,salvora_gw3
-95,11.80,589,salvora_gw1
-115,2.50,2793.26,salvora_gw2
-115,2.00,4749.28,salvora_gw3
-110,4.00,588.96,salvora_gw1
-117,-3.00,4749.78,salvora_gw3
-107,10.20,590.44,salvora_gw1
-120,-8.80,2793.4,salvora_gw2
-118,-2.00,4744.91,salvora_gw3
-107,9.20,686.29,salvora_gw1
-109,3.80,685.08,salvora_gw1
-118,-3.80,2702.29,salvora_gw2
-117,-4.00,4667.11,salvora_gw3
-107,5.00,677.12,salvora_gw1
-118,-2.20,2709.14,salvora_gw2
-118,-5.80,4675.26,salvora_gw3
-100,10.20,647.21,salvora_gw1
-119,-10.00,2730.97,salvora_gw2
-117,-5.00,4716.22,salvora_gw3
-111,7.20,646.09,salvora_gw1
-119,-4.00,2732.05,salvora_gw2
-120,-9.80,4717.1,salvora_gw3
-107,9.50,644.98,salvora_gw1
-119,-3.00,2733.14,salvora_gw2
-117,-0.50,4717.97,salvora_gw3
-103,10.80,637.22,salvora_gw1
-117,-1.20,2741.1,salvora_gw2
-115,0.00,4723.1,salvora_gw3
-115,-2.00,636.12,salvora_gw1
-117,-2.20,2742.36,salvora_gw2
-119,-5.50,4723.47,salvora_gw3
-109,5.50,613.9,salvora_gw1
-118,-2.80,4740.52,salvora_gw3
-117,-1.50,2766.27,salvora_gw2
-115,-0.80,4742.78,salvora_gw3
-118,-2.20,606.23,salvora_gw1
-119,-8.00,2766.2,salvora_gw2
-118,-3.50,4763.79,salvora_gw3
-107,8.20,603.97,salvora_gw1
-118,-3.80,2768.71,salvora_gw2
-115,1.00,4764.53,salvora_gw3
-105,11.00,599.35,salvora_gw1
-119,-4.50,2776.71,salvora_gw2
-104,-0.20,598.24,salvora_gw1
-112,-19.80,2777.97,salvora_gw2
-117,-2.80,4757.35,salvora_gw3
-112,2.20,584.13,salvora_gw1
-115,-9.00,2795.52,salvora_gw2
-114,3.20,581.94,salvora_gw1
-117,-2.80,2797.86,salvora_gw2
-117,-2.00,4760.06,salvora_gw3
-115,2.20,539.35,salvora_gw1
-117,-0.20,2836.34,salvora_gw2
-109,7.50,4802.11,salvora_gw3
-110,7.00,537.11,salvora_gw1
-114,2.50,2838.35,salvora_gw2
-111,5.20,4804.37,salvora_gw3
-111,5.00,537.09,salvora_gw1
-117,0.20,2838.02,salvora_gw2
-108,8.50,4805.36,salvora_gw3
-113,1.50,524.85,salvora_gw1
-118,-5.00,2848.53,salvora_gw2
-113,1.00,4819.57,salvora_gw3
-120,-5.80,524.85,salvora_gw1
-108,5.50,2848.37,salvora_gw2
-118,-4.00,4820.07,salvora_gw3
-110,7.20,2860.48,salvora_gw2
-108,8.00,4855.5,salvora_gw3
-117,-5.20,507.28,salvora_gw1
-115,0.00,2860.48,salvora_gw2
-111,5.50,4855.5,salvora_gw3
-118,-2.20,507.22,salvora_gw1
-115,2.80,2860.63,salvora_gw2
-109,8.50,4855,salvora_gw3
-118,-4.50,499.84,salvora_gw1
-113,5.00,2867.38,salvora_gw2
-111,5.50,4864.17,salvora_gw3
-119,-5.50,499.84,salvora_gw1
-115,2.00,2867.38,salvora_gw2
-118,-9.80,4864.17,salvora_gw3
-120,-8.20,502.26,salvora_gw1
-117,-0.80,2864.74,salvora_gw2
-113,2.80,4863.9,salvora_gw3
-120,-8.00,502.26,salvora_gw1
-114,4.50,2864.74,salvora_gw2
-111,5.20,4863.9,salvora_gw3
-120,-9.00,513.2,salvora_gw1
-115,3.00,2854.11,salvora_gw2
-111,5.80,4854.08,salvora_gw3
-119,-5.80,513.2,salvora_gw1
-114,3.20,2854.11,salvora_gw2
-111,7.20,4854.08,salvora_gw3
-118,-8.20,514.45,salvora_gw1
-115,2.50,2852.72,salvora_gw2
-110,7.00,4854.2,salvora_gw3
-119,-5.00,514.45,salvora_gw1
-115,1.80,2852.72,salvora_gw2
-111,2.80,4854.2,salvora_gw3
-119,-8.00,514.52,salvora_gw1
-115,1.80,2852.57,salvora_gw2
-111,4.00,4854.7,salvora_gw3
-119,-10.00,514.52,salvora_gw1
-115,1.20,2852.57,salvora_gw2
-111,4.50,4854.7,salvora_gw3
-119,-8.80,515.63,salvora_gw1
-115,1.00,2851.47,salvora_gw2
-111,4.20,4853.82,salvora_gw3
-120,-5.80,515.63,salvora_gw1
-115,2.50,2851.47,salvora_gw2
-111,5.20,4853.82,salvora_gw3
-120,-7.00,515.7,salvora_gw1
-115,3.80,2851.32,salvora_gw2
-112,5.80,4854.32,salvora_gw3
-117,-7.50,515.7,salvora_gw1
-114,1.00,2851.32,salvora_gw2
-107,5.00,4854.32,salvora_gw3
-118,-11.80,515.7,salvora_gw1
-114,0.80,2851.32,salvora_gw2
-105,5.00,4854.32,salvora_gw3
-119,-5.00,515.7,salvora_gw1
-118,-0.80,2851.32,salvora_gw2
-107,9.00,4854.32,salvora_gw3
-119,-4.80,515.7,salvora_gw1
-117,-0.20,2851.32,salvora_gw2
-107,9.20,4854.32,salvora_gw3
-119,-3.80,515.7,salvora_gw1
-117,0.00,2851.32,salvora_gw2
-107,9.50,4854.32,salvora_gw3
-118,-3.50,515.7,salvora_gw1
-117,1.20,2851.32,salvora_gw2
-107,9.20,4854.32,salvora_gw3
-118,-11.50,515.7,salvora_gw1
-117,-4.80,2851.32,salvora_gw2
-119,-12.50,4854.32,salvora_gw3
-120,-8.80,515.7,salvora_gw1
-119,-4.50,2851.32,salvora_gw2
-120,-13.00,4854.32,salvora_gw3
-119,-5.80,515.7,salvora_gw1
-119,-4.00,2851.32,salvora_gw2
-120,-5.80,4854.32,salvora_gw3
-118,-4.80,2852.57,salvora_gw2
-118,-5.50,4854.7,salvora_gw3
-119,-5.20,514.52,salvora_gw1
-119,-5.50,2852.57,salvora_gw2
-119,-5.50,4854.7,salvora_gw3
-119,-5.20,514.52,salvora_gw1
-120,-5.50,2852.57,salvora_gw2
-119,-7.00,514.45,salvora_gw1
-119,-5.50,2852.72,salvora_gw2
-118,-7.50,4854.2,salvora_gw3
-120,-9.50,513.41,salvora_gw1
-119,-4.00,2853.66,salvora_gw2
-118,-5.50,4855.58,salvora_gw3
-119,-8.80,2853.66,salvora_gw2
-119,-13.20,4855.58,salvora_gw3
-119,-4.50,2853.66,salvora_gw2
-118,-3.50,4855.58,salvora_gw3
-118,-15.00,510.65,salvora_gw1
-118,-9.20,2859.98,salvora_gw2
-119,-10.80,4839.52,salvora_gw3
-115,-2.50,520.42,salvora_gw1
-118,-5.00,2847.83,salvora_gw2
-121,-12.00,2850.83,salvora_gw2
-119,-5.80,4851.43,salvora_gw3
-120,-10.80,2850.83,salvora_gw2
-119,-4.50,2850.83,salvora_gw2
-119,-9.20,4851.43,salvora_gw3
-119,-9.80,516.53,salvora_gw1
-119,-8.80,4851.43,salvora_gw3
-120,-5.50,516.53,salvora_gw1
-119,-9.50,4851.43,salvora_gw3
-119,-8.80,515.49,salvora_gw1
-119,-5.80,2851.77,salvora_gw2
-118,-10.00,4852.82,salvora_gw3
-118,-7.00,515.42,salvora_gw1
-118,-4.80,2851.92,salvora_gw2
-118,-8.00,4852.32,salvora_gw3
-120,-10.50,515.42,salvora_gw1
-119,-3.00,2851.92,salvora_gw2
-119,-5.50,4852.32,salvora_gw3
-120,-9.80,515.42,salvora_gw1
-120,-5.20,2851.92,salvora_gw2
-118,-2.20,4852.32,salvora_gw3
-118,-5.80,515.42,salvora_gw1
-119,-8.20,2851.92,salvora_gw2
-117,-0.50,4852.32,salvora_gw3
-119,-2.50,2851.62,salvora_gw2
-118,-3.20,4853.32,salvora_gw3
-119,-17.00,515.56,salvora_gw1
-120,-5.50,2851.62,salvora_gw2
-119,-5.50,4853.32,salvora_gw3
-120,-13.80,515.56,salvora_gw1
-119,-3.20,2851.62,salvora_gw2
-118,-4.50,4853.32,salvora_gw3
-119,-7.80,515.56,salvora_gw1
-117,-5.20,4853.32,salvora_gw3
-118,-9.00,518.81,salvora_gw1
-117,-2.20,2848.49,salvora_gw2
-119,-10.00,4850.17,salvora_gw3
-120,-10.00,518.81,salvora_gw1
-120,-5.00,2848.49,salvora_gw2
-119,-4.00,4850.17,salvora_gw3
-119,-3.20,2848.49,salvora_gw2
-118,-3.50,4850.17,salvora_gw3
-118,-17.20,518.81,salvora_gw1
-117,-4.50,2848.49,salvora_gw2
-119,-9.50,4850.17,salvora_gw3
-119,-5.00,2850.23,salvora_gw2
-120,-19.20,4853.44,salvora_gw3
-117,-2.00,516.81,salvora_gw1
-118,-2.50,2850.23,salvora_gw2
-115,-2.20,4853.44,salvora_gw3
-119,-5.00,516.66,salvora_gw1
-120,-7.20,2850.53,salvora_gw2
-117,-0.20,4852.43,salvora_gw3
-118,-5.80,515.49,salvora_gw1
-115,-0.50,2851.77,salvora_gw2
-114,1.50,4852.82,salvora_gw3
-118,-3.50,515.49,salvora_gw1
-118,-2.00,2851.77,salvora_gw2
-117,-1.20,4852.82,salvora_gw3
-118,-5.50,515.49,salvora_gw1
-121,-13.00,2851.77,salvora_gw2
-114,-7.20,514.38,salvora_gw1
-115,-3.00,2852.87,salvora_gw2
-111,1.50,4853.7,salvora_gw3
-118,-1.50,514.45,salvora_gw1
-115,1.00,2852.72,salvora_gw2
-118,-4.80,4854.2,salvora_gw3
-118,-1.00,514.59,salvora_gw1
-120,-5.00,2852.42,salvora_gw2
-118,-2.80,4855.2,salvora_gw3
-118,-2.50,514.59,salvora_gw1
-119,-4.00,2852.42,salvora_gw2
-119,-7.20,4855.2,salvora_gw3
-120,-12.20,514.59,salvora_gw1
-118,-2.20,2852.42,salvora_gw2
-115,-0.50,4855.2,salvora_gw3
-117,-1.20,514.59,salvora_gw1
-118,-1.20,2852.42,salvora_gw2
-114,2.20,4855.2,salvora_gw3
-118,-2.00,512.3,salvora_gw1
-118,-4.80,2854.75,salvora_gw2
-113,4.80,4856.46,salvora_gw3
-117,-1.50,512.3,salvora_gw1
-115,-5.00,2854.75,salvora_gw2
-113,3.50,4856.46,salvora_gw3
-117,-0.20,4856.46,salvora_gw3
-115,1.50,512.3,salvora_gw1
-120,-4.80,2854.75,salvora_gw2
-115,1.80,4856.46,salvora_gw3
-119,-10.00,511.06,salvora_gw1
-115,0.00,2856.15,salvora_gw2
-115,-0.80,4856.34,salvora_gw3
-105,5.50,511.06,salvora_gw1
-100,8.20,2856.15,salvora_gw2
-115,-0.20,4856.34,salvora_gw3
-107,7.20,511.06,salvora_gw1
-105,8.00,2856.15,salvora_gw2
-110,5.00,512.1,salvora_gw1
-98,10.80,2855.2,salvora_gw2
-103,9.20,4854.96,salvora_gw3
-115,2.20,512.1,salvora_gw1
-107,10.20,2855.2,salvora_gw2
-109,8.50,4854.96,salvora_gw3
-110,5.00,513.27,salvora_gw1
-111,7.00,2853.96,salvora_gw2
-119,-5.50,4854.58,salvora_gw3
-114,-2.00,513.27,salvora_gw1
-115,0.00,2853.96,salvora_gw2
-113,1.20,4854.58,salvora_gw3
-119,-3.50,513.27,salvora_gw1
-118,-3.50,2853.96,salvora_gw2
-117,-1.20,4854.58,salvora_gw3
-118,-3.00,518.02,salvora_gw1
-115,3.20,2848,salvora_gw2
-117,-0.50,4860.95,salvora_gw3
-115,-0.20,2848.95,salvora_gw2
-119,-9.50,4862.33,salvora_gw3
-113,3.00,490.31,salvora_gw1
-112,4.00,2874.81,salvora_gw2
-120,-4.00,2875.91,salvora_gw2
-115,-1.00,4909.8,salvora_gw3
-117,-1.80,2876.87,salvora_gw2
-119,-9.00,4911.18,salvora_gw3
-112,3.20,2887.43,salvora_gw2
-107,7.50,2888.4,salvora_gw2
-118,-5.50,4922.86,salvora_gw3
-107,9.50,2926.61,salvora_gw2
-119,-5.50,4980.62,salvora_gw3
-110,8.50,2927.58,salvora_gw2
-118,-3.00,4982,salvora_gw3
-105,10.00,2937.09,salvora_gw2
-118,-4.20,5002.72,salvora_gw3
-119,-12.50,435.96,salvora_gw1
-107,4.80,2938.07,salvora_gw2
-114,0.20,5004.1,salvora_gw3
-120,-13.20,425.27,salvora_gw1
-109,5.50,2949.2,salvora_gw2
-115,0.20,5012.39,salvora_gw3
-108,8.20,2949.2,salvora_gw2
-119,-5.00,5012.39,salvora_gw3
-120,-11.20,401.1,salvora_gw1
-109,7.80,2975.39,salvora_gw2
-117,-0.80,5034.52,salvora_gw3
-117,-0.50,391.81,salvora_gw1
-107,9.80,2986.83,salvora_gw2
-115,1.50,5047.22,salvora_gw3
-108,4.20,391.13,salvora_gw1
-109,4.00,2987.82,salvora_gw2
-117,-3.80,5048.6,salvora_gw3
-102,7.20,390.12,salvora_gw1
-110,4.00,2988.92,salvora_gw2
-115,-1.80,5049.48,salvora_gw3
-95,11.00,386.75,salvora_gw1
-107,8.20,2993.11,salvora_gw2
-115,0.20,5054.01,salvora_gw3
-101,12.80,385.74,salvora_gw1
-109,8.00,2994.21,salvora_gw2
-120,-9.00,5054.89,salvora_gw3
-105,11.50,341.6,salvora_gw1
-110,8.00,3041.15,salvora_gw2
-115,0.20,5089.05,salvora_gw3
-91,13.50,340.24,salvora_gw1
-112,5.00,3042.36,salvora_gw2
-115,0.00,5089.44,salvora_gw3
-102,4.80,339.19,salvora_gw1
-118,-5.20,3045.11,salvora_gw2
-103,5.00,339.19,salvora_gw1
-119,-4.50,3045.11,salvora_gw2
-103,9.00,305.55,salvora_gw1
-120,-7.50,3073.7,salvora_gw2
-102,9.50,305.55,salvora_gw1
-119,-5.00,3073.7,salvora_gw2
-102,11.50,305.19,salvora_gw1
-119,-5.00,3073.82,salvora_gw2
-102,11.80,305.19,salvora_gw1
-120,-4.80,3073.82,salvora_gw2
-95,9.00,305.19,salvora_gw1
-109,4.20,3073.82,salvora_gw2
-90,8.00,304.82,salvora_gw1
-115,0.50,3073.93,salvora_gw2
-119,-7.20,5099.74,salvora_gw3
-89,12.50,305.29,salvora_gw1
-90,11.50,306.04,salvora_gw1
-120,-7.80,3074.35,salvora_gw2
-120,-9.80,5103.57,salvora_gw3
-89,15.00,301.5,salvora_gw1
-119,-5.50,5123.1,salvora_gw3
-90,13.50,301.5,salvora_gw1
-118,-3.50,5123.1,salvora_gw3
-104,5.80,286.51,salvora_gw1
-108,4.80,285.14,salvora_gw1
-119,-7.50,3099.22,salvora_gw2
-102,12.20,279.65,salvora_gw1
-119,-8.20,3104.08,salvora_gw2
-114,-5.00,278.68,salvora_gw1
-105,9.20,220.92,salvora_gw1
-99,12.80,220.92,salvora_gw1
-95,8.20,216.38,salvora_gw1
-120,-15.80,5173.66,salvora_gw3
-95,7.50,216.38,salvora_gw1
-119,-14.00,3171.97,salvora_gw2
-119,-15.20,5173.66,salvora_gw3
-92,12.50,205.13,salvora_gw1
-120,-14.50,3188.04,salvora_gw2
-100,9.80,204.27,salvora_gw1
-119,-8.20,3189.14,salvora_gw2
-95,14.50,202.89,salvora_gw1
-120,-5.20,3190.35,salvora_gw2
-91,13.20,197.37,salvora_gw1
-80,8.00,195.66,salvora_gw1
-115,-0.20,3197.41,salvora_gw2
-92,8.20,188.38,salvora_gw1
-119,-3.80,3206.34,salvora_gw2
-91,12.00,188.38,salvora_gw1
-120,-9.00,3206.34,salvora_gw2
-93,14.20,187,salvora_gw1
-120,-8.20,3207.55,salvora_gw2
-89,13.80,131.23,salvora_gw1
-118,-1.80,3257.34,salvora_gw2
-84,13.80,123.72,salvora_gw1
-105,5.20,122.38,salvora_gw1
-87,8.50,121.66,salvora_gw1
-84,10.50,118.83,salvora_gw1
-84,12.20,103.71,salvora_gw1
-97,14.20,103.71,salvora_gw1
-88,13.20,103.71,salvora_gw1
-90,10.80,134.02,salvora_gw1
-91,13.80,134.9,salvora_gw1
-92,13.50,134.9,salvora_gw1
-91,7.80,134.9,salvora_gw1
-115,0.00,3255.64,salvora_gw2
-81,10.80,134.9,salvora_gw1
-119,-5.20,3255.64,salvora_gw2
-80,9.00,134.9,salvora_gw1
-118,-5.50,3255.64,salvora_gw2
-119,-15.00,5220.6,salvora_gw3
-120,-14.00,5221.03,salvora_gw3
-95,14.00,132.95,salvora_gw1
-90,11.50,132.38,salvora_gw1
-118,-3.50,3257.1,salvora_gw2
-74,8.50,128.69,salvora_gw1
-119,-9.00,5215.4,salvora_gw3
-55,10.20,91.6,salvora_gw1
-119,-9.50,5210.24,salvora_gw3
-70,9.80,91.15,salvora_gw1
-120,-17.50,3281.27,salvora_gw2
-59,12.00,90.22,salvora_gw1
-120,-9.80,3282.37,salvora_gw2
-71,15.50,79.39,salvora_gw1
-77,14.00,47.94,salvora_gw1
-118,-4.00,5225.19,salvora_gw3
-55,10.20,46.99,salvora_gw1
-85,7.80,38.66,salvora_gw1
-115,0.00,3329.66,salvora_gw2
-77,13.50,37.74,salvora_gw1
-120,-12.50,3330.75,salvora_gw2
-89,12.00,1136.6,salvora_gw1
-91,12.50,1126.59,salvora_gw1
-80,9.50,1127.72,salvora_gw1
-94,3.80,1135.62,salvora_gw1
-121,-14.80,4484.83,salvora_gw2
-120,-22.80,6234.12,salvora_gw3
-75,10.50,1135.62,salvora_gw1
-121,-11.80,4484.83,salvora_gw2
-120,-15.20,6234.12,salvora_gw3
-70,14.20,1134.42,salvora_gw1
-120,-13.50,4484.22,salvora_gw2
-120,-15.20,6231.2,salvora_gw3
-58,12.50,1134.42,salvora_gw1
-71,13.80,1134.4,salvora_gw1
-87,5.80,1136.58,salvora_gw1
-85,10.00,1136.58,salvora_gw1
-118,-2.50,4486.82,salvora_gw2
-55,10.50,1135.46,salvora_gw1
-117,-2.00,4485.82,salvora_gw2
-120,-14.00,6230.25,salvora_gw3
-70,9.80,1135.46,salvora_gw1
-119,-12.20,4485.82,salvora_gw2
-119,-15.80,6230.25,salvora_gw3
-81,14.20,1135.46,salvora_gw1
-121,-13.00,4485.82,salvora_gw2
-80,13.20,1134.46,salvora_gw1
-82,13.20,1133.34,salvora_gw1
-72,9.00,1133.36,salvora_gw1
-90,8.20,1133.36,salvora_gw1
-92,11.80,1134.47,salvora_gw1
-85,10.00,1162.18,salvora_gw1
-120,-13.50,4512.01,salvora_gw2
-83,10.20,1162.2,salvora_gw1
-101,12.20,1179.12,salvora_gw1
-98,7.50,1180.23,salvora_gw1
-119,-17.80,4528.3,salvora_gw2
-85,5.80,1201.66,salvora_gw1
-119,-18.00,4548.14,salvora_gw2
-94,11.20,1201.66,salvora_gw1
-120,-15.50,4548.14,salvora_gw2
-105,9.20,1248.13,salvora_gw1
-99,11.20,1249.24,salvora_gw1
-119,-11.00,6338.53,salvora_gw3
-98,13.00,1253.66,salvora_gw1
-88,9.00,1253.66,salvora_gw1
-119,-4.50,6342.08,salvora_gw3
-97,8.50,1253.64,salvora_gw1
-119,-5.00,6341.7,salvora_gw3
-84,14.20,1255.74,salvora_gw1
-107,8.50,6341.38,salvora_gw3
-103,9.80,1273.18,salvora_gw1
-113,3.20,6343.52,salvora_gw3
-82,14.20,1273.18,salvora_gw1
-114,2.80,6343.52,salvora_gw3
-83,13.20,1276.53,salvora_gw1
-118,-3.00,6343.84,salvora_gw3
-90,9.00,1276.53,salvora_gw1
-118,-4.00,6343.84,salvora_gw3
-113,2.50,1277.65,salvora_gw1
-117,-4.80,6344.46,salvora_gw3
-115,-0.50,1277.65,salvora_gw1
-118,-5.80,6344.46,salvora_gw3
-115,1.00,1260.97,salvora_gw1
-115,-1.80,1251.18,salvora_gw1
-119,-7.00,6312.46,salvora_gw3
-115,-1.80,1251.18,salvora_gw1
-117,-0.20,1250.11,salvora_gw1
-118,-4.80,6310.72,salvora_gw3
-119,-8.80,6310.35,salvora_gw3
-117,-2.50,6295.45,salvora_gw3
-118,-8.00,1240.47,salvora_gw1
-114,2.00,6295.45,salvora_gw3
-119,-5.00,6295.07,salvora_gw3
-115,-4.00,1225.06,salvora_gw1
-114,1.80,6279.73,salvora_gw3
-118,-14.20,1223.98,salvora_gw1
-114,1.00,6278.36,salvora_gw3
-120,-12.80,1193.6,salvora_gw1
-117,-2.80,6243.17,salvora_gw3
-113,4.50,1190.48,salvora_gw1
-108,7.20,1185.38,salvora_gw1
-121,-14.80,4546.53,salvora_gw2
-108,5.50,1185.44,salvora_gw1
-121,-13.50,4546.65,salvora_gw2
-108,8.50,1185.57,salvora_gw1
-120,-15.50,4546.89,salvora_gw2
-117,-0.80,6220.43,salvora_gw3
-111,4.50,1155.57,salvora_gw1
-115,-1.20,6175.09,salvora_gw3
-114,3.50,1154.46,salvora_gw1
-120,-11.20,4517.94,salvora_gw2
-115,2.80,6174.1,salvora_gw3
-109,7.20,1114.15,salvora_gw1
-115,0.50,6135.19,salvora_gw3
-102,5.50,1113.04,salvora_gw1
-120,-13.50,4476.95,salvora_gw2
-119,-7.20,6134.2,salvora_gw3
-105,5.20,1110.83,salvora_gw1
-120,-17.80,4474.76,salvora_gw2
-100,13.00,171.99,salvora_gw1
-120,-10.20,3321.77,salvora_gw2
-119,-7.00,5098.19,salvora_gw3
-112,5.20,171.04,salvora_gw1
-119,-9.80,5100.06,salvora_gw3
-102,11.00,170.11,salvora_gw1
-110,3.80,170.11,salvora_gw1
-120,-19.00,5101.93,salvora_gw3
-115,-0.50,169.21,salvora_gw1
-108,7.20,1135.95,salvora_gw1
-107,8.50,1138.16,salvora_gw1
-110,5.50,1139.27,salvora_gw1
-115,2.50,1140.37,salvora_gw1
-117,-9.20,1149.12,salvora_gw1
-118,-10.00,1223.39,salvora_gw1
-117,-0.80,1224.5,salvora_gw1
-115,1.50,1226.71,salvora_gw1
-115,-1.80,1287.19,salvora_gw1
-112,3.80,1289.41,salvora_gw1
-114,0.80,1291.57,salvora_gw1
-110,7.20,1383.71,salvora_gw1
-115,1.20,1384.82,salvora_gw1
-115,0.00,1388.15,salvora_gw1
-117,-0.50,1575.65,salvora_gw1
-115,0.00,1575.65,salvora_gw1
-115,-1.50,1571.22,salvora_gw1
-119,-5.50,1577.86,salvora_gw1
-115,-14.50,1577.86,salvora_gw1
-120,-15.00,1577.86,salvora_gw1
-120,-20.00,6628.29,salvora_gw3
-120,-20.00,6628.29,salvora_gw3
-120,-14.80,6628.65,salvora_gw3
-120,-5.80,1593.43,salvora_gw1
-120,-13.80,6630.64,salvora_gw3
-120,-21.80,1627.96,salvora_gw1
-117,-7.00,1539.22,salvora_gw1
-115,-11.20,1538.13,salvora_gw1
-120,-15.50,1600.28,salvora_gw1
-120,-18.80,1600.28,salvora_gw1
-119,-4.50,1600.28,salvora_gw1
-120,-8.80,1600.28,salvora_gw1
-120,-9.20,1601.41,salvora_gw1
-120,-9.00,1601.41,salvora_gw1
-119,-5.00,1602.52,salvora_gw1
-117,-9.80,1602.52,salvora_gw1
-120,-7.00,1602.52,salvora_gw1
-119,-13.50,1602.52,salvora_gw1
-120,-12.20,1601.42,salvora_gw1
-118,-11.50,1601.42,salvora_gw1
-119,-14.00,1595.73,salvora_gw1
-120,-13.80,1598,salvora_gw1
-119,-7.80,1593.43,salvora_gw1
-120,-14.80,1595.69,salvora_gw1
-118,-2.50,1598.3,salvora_gw1
-119,-5.80,1585.14,salvora_gw1
-118,-12.20,1584.06,salvora_gw1
-120,-7.80,1579.74,salvora_gw1
-118,-7.50,1577.56,salvora_gw1
-118,-8.20,1553.65,salvora_gw1
-113,3.20,1552.59,salvora_gw1
-105,8.50,1394.88,salvora_gw1
-107,10.00,1393.84,salvora_gw1
-104,10.80,1392.8,salvora_gw1
-115,-8.20,1375.73,salvora_gw1
-107,5.50,1374.7,salvora_gw1
-113,4.20,1366,salvora_gw1
-107,7.00,1364.89,salvora_gw1
-102,12.80,1301.06,salvora_gw1
-101,12.00,1299.96,salvora_gw1
-102,5.00,1298.95,salvora_gw1
-104,7.00,1281.58,salvora_gw1
-97,10.00,1280.48,salvora_gw1
-100,11.20,1265.31,salvora_gw1
-92,13.50,1264.35,salvora_gw1
-91,11.50,1264.64,salvora_gw1
-100,5.00,1261.35,salvora_gw1
-101,5.20,1261.5,salvora_gw1
-99,13.00,1282.42,salvora_gw1
-92,12.50,1283.89,salvora_gw1
-101,10.80,1286.08,salvora_gw1
-113,5.00,1296.9,salvora_gw1
-114,-3.80,1297.11,salvora_gw1
-111,3.00,1309,salvora_gw1
-105,8.50,1308.38,salvora_gw1
-107,8.00,1308.83,salvora_gw1
-92,15.80,1315.35,salvora_gw1
-104,10.20,1320.1,salvora_gw1
-110,1.20,1320.39,salvora_gw1
-112,3.20,1320.96,salvora_gw1
-110,7.00,1331.48,salvora_gw1
-114,2.00,1318.24,salvora_gw1
-113,4.00,1318.89,salvora_gw1
-110,5.80,1318.19,salvora_gw1
-118,-4.80,1319.09,salvora_gw1
-120,-17.50,4525.8,salvora_gw2
-120,-11.20,4480.18,salvora_gw2
-121,-11.80,4477.96,salvora_gw2
-114,3.80,1341.26,salvora_gw1
-114,1.00,1341.26,salvora_gw1
-115,-0.80,1304.21,salvora_gw1
-120,-7.80,1304.98,salvora_gw1
-119,-7.00,1305.76,salvora_gw1
-120,-9.20,4468.09,salvora_gw2
-115,0.50,4465.49,salvora_gw2
-105,10.20,1342.46,salvora_gw1
-112,5.00,4463.19,salvora_gw2
-115,-1.00,1342.89,salvora_gw1
-115,1.20,4463.22,salvora_gw2
-117,-1.20,1344.18,salvora_gw1
-108,7.20,4463.29,salvora_gw2
-118,-3.80,1345.32,salvora_gw1
-112,4.20,4461.25,salvora_gw2
-111,4.00,758.65,salvora_gw1
-113,3.50,3252.36,salvora_gw2
-111,7.20,768.06,salvora_gw1
-104,12.20,3248.46,salvora_gw2
-117,-5.00,772.35,salvora_gw1
-105,10.00,3246.49,salvora_gw2
-107,4.80,776.77,salvora_gw1
-107,4.80,3243.42,salvora_gw2
-105,7.50,813.39,salvora_gw1
-119,-2.50,3247.08,salvora_gw2
-114,2.80,1367.96,salvora_gw1
-112,5.50,4409.21,salvora_gw2
-103,10.00,4411.58,salvora_gw2
-111,5.50,1371.22,salvora_gw1
-102,11.50,4411.58,salvora_gw2
-103,11.50,1376.99,salvora_gw1
-115,3.50,4414.2,salvora_gw2
-113,3.20,1402.73,salvora_gw1
-113,3.20,4425.08,salvora_gw2
-120,-14.80,6644.46,salvora_gw3
-109,5.80,1403.76,salvora_gw1
-112,1.80,4425.19,salvora_gw2
-120,-14.50,6645.39,salvora_gw3
-107,7.00,1405.29,salvora_gw1
-117,-0.20,4425.37,salvora_gw2
-107,9.00,1405.29,salvora_gw1
-113,4.80,4425.37,salvora_gw2
-120,-11.20,6646.8,salvora_gw3
-115,2.80,1419.15,salvora_gw1
-114,4.80,4413.9,salvora_gw2
-109,7.20,956.91,salvora_gw1
-118,-2.20,3288.84,salvora_gw2
-115,-4.80,958.55,salvora_gw1
-115,-1.00,3289.04,salvora_gw2
-120,-18.80,5793.91,salvora_gw3
-115,-5.80,959.43,salvora_gw1
-117,0.20,961.07,salvora_gw1
-114,3.80,3288.23,salvora_gw2
-115,0.50,975.11,salvora_gw1
-117,0.50,3287.71,salvora_gw2
-115,-1.00,961.24,salvora_gw1
-115,0.80,3243.68,salvora_gw2
-115,1.00,961.24,salvora_gw1
-115,1.50,3243.68,salvora_gw2
-119,-5.50,961.24,salvora_gw1
-120,-8.50,3243.68,salvora_gw2
-104,7.20,1251.23,salvora_gw1
-120,-15.20,3227.55,salvora_gw2
-113,3.00,992.25,salvora_gw1
-120,-15.80,3251.38,salvora_gw2
-120,-7.80,1058.72,salvora_gw1
-121,-15.00,3301.96,salvora_gw2
-120,-8.80,1058.61,salvora_gw1
-121,-18.50,3270.18,salvora_gw2
-119,-5.50,1064.01,salvora_gw1
-120,-15.20,3284.56,salvora_gw2
-120,-18.00,3299.88,salvora_gw2
-120,-20.20,4427.94,salvora_gw2
-120,-20.00,3320.29,salvora_gw2
-120,-21.20,4424.67,salvora_gw2
-119,-4.20,768.64,salvora_gw1
-115,1.00,3226.72,salvora_gw2
-90,9.00,696.45,salvora_gw1
-94,7.50,2678.3,salvora_gw2
-104,-8.50,4691.32,salvora_gw3
-92,8.20,680.92,salvora_gw1
-94,8.00,2692.33,salvora_gw2
-114,1.80,4707.64,salvora_gw3
-91,7.50,687.65,salvora_gw1
-94,7.00,2686.12,salvora_gw2
-113,2.50,4701.01,salvora_gw3
-92,8.00,686.81,salvora_gw1
-93,8.00,2686.84,salvora_gw2
-113,1.00,4702.01,salvora_gw3
-89,9.00,653.68,salvora_gw1
-95,7.00,2717.65,salvora_gw2
-115,1.00,4734.47,salvora_gw3
-88,8.80,687.6,salvora_gw1
-95,8.00,2686.5,salvora_gw2
-105,-10.80,4699.84,salvora_gw3
-88,9.00,812.95,salvora_gw1
-95,7.80,2562.47,salvora_gw2
-104,-11.50,4607.52,salvora_gw3
-88,8.50,688.49,salvora_gw1
-94,7.20,2685.3,salvora_gw2
-114,0.80,4700.35,salvora_gw3
-88,8.20,826.7,salvora_gw1
-95,7.80,2545.95,salvora_gw2
-115,0.20,4609.03,salvora_gw3
-89,9.80,695.12,salvora_gw1
-94,7.20,2680.12,salvora_gw2
-115,-0.50,4690.61,salvora_gw3
-89,9.00,686.8,salvora_gw1
-95,8.50,2686.98,salvora_gw2
-115,0.20,4701.57,salvora_gw3
-89,11.20,693.48,salvora_gw1
-95,9.00,2681.27,salvora_gw2
-115,1.00,4693.44,salvora_gw3
-89,9.20,676.34,salvora_gw1
-95,8.50,2696.4,salvora_gw2
-115,0.20,4712.84,salvora_gw3
-95,9.00,2700.61,salvora_gw2
-115,0.00,4711.14,salvora_gw3
-88,8.50,675.71,salvora_gw1
-94,7.00,2698.27,salvora_gw2
-115,-0.80,4708.71,salvora_gw3
-89,8.00,687.68,salvora_gw1
-94,7.50,2685.87,salvora_gw2
-115,-1.20,4701.79,salvora_gw3
-88,8.20,681.89,salvora_gw1
-94,7.00,2691.68,salvora_gw2
-115,-0.20,4705.82,salvora_gw3
-89,9.50,667.1,salvora_gw1
-93,8.50,2711.59,salvora_gw2
-104,-12.00,4700.39,salvora_gw3
-90,10.00,689.02,salvora_gw1
-97,7.00,2684.14,salvora_gw2
-115,0.00,4702.26,salvora_gw3
-88,8.00,652.69,salvora_gw1
-95,5.80,2716.77,salvora_gw2
-115,-0.20,4743.92,salvora_gw3
-90,10.20,676.74,salvora_gw1
-97,7.20,2696.16,salvora_gw2
-115,0.50,4711.98,salvora_gw3
-89,9.50,653.6,salvora_gw1
-97,5.80,2717.71,salvora_gw2
-115,1.00,4734.63,salvora_gw3
-89,10.00,686.85,salvora_gw1
-95,7.80,2686.6,salvora_gw2
-104,-11.20,4702.75,salvora_gw3
-89,10.80,669.97,salvora_gw1
-95,7.00,2701.06,salvora_gw2
-115,1.00,4724.36,salvora_gw3
-89,9.20,682.74,salvora_gw1
-95,7.20,2690.75,salvora_gw2
-115,0.00,4705.51,salvora_gw3
-88,7.80,685.88,salvora_gw1
-95,7.00,2687.64,salvora_gw2
-115,0.50,4703.2,salvora_gw3
-89,8.50,684.33,salvora_gw1
-95,8.00,2688.9,salvora_gw2
-115,0.80,4705.32,salvora_gw3
-89,9.20,667.06,salvora_gw1
-95,7.00,2705.27,salvora_gw2
-115,0.80,4720.97,salvora_gw3
-90,10.50,689.29,salvora_gw1
-95,8.00,2684.88,salvora_gw2
-115,0.50,4698.42,salvora_gw3
-89,9.00,685.85,salvora_gw1
-95,7.50,2687.79,salvora_gw2
-115,0.00,4702.72,salvora_gw3
-89,9.50,687.1,salvora_gw1
-95,7.80,2687.63,salvora_gw2
-115,-0.20,4698.02,salvora_gw3
-89,8.50,689.48,salvora_gw1
-95,7.20,2683.54,salvora_gw2
-115,0.00,4702.52,salvora_gw3
-89,8.80,677.96,salvora_gw1
-94,7.20,2695.23,salvora_gw2
-105,-11.00,4710,salvora_gw3
-88,8.00,675.25,salvora_gw1
-94,7.20,2699.07,salvora_gw2
-115,0.00,4707.85,salvora_gw3
-89,8.50,691.06,salvora_gw1
-94,5.80,2680.67,salvora_gw2
-115,0.50,4706.56,salvora_gw3
-88,7.50,687.78,salvora_gw1
-94,7.50,2685.24,salvora_gw2
-115,-0.80,4703.7,salvora_gw3
-90,8.20,811.9,salvora_gw1
-95,8.50,2565.05,salvora_gw2
-115,1.00,4602.94,salvora_gw3
-89,10.50,682.49,salvora_gw1
-95,7.50,2690.93,salvora_gw2
-115,1.00,4705.95,salvora_gw3
-89,8.80,692.71,salvora_gw1
-94,8.00,2681.35,salvora_gw2
-105,-12.00,4696.4,salvora_gw3
-89,8.20,687.25,salvora_gw1
-95,5.20,2686.36,salvora_gw2
-114,-0.20,4701.88,salvora_gw3
-97,8.50,674.96,salvora_gw1
-113,3.00,2690.51,salvora_gw2
-107,4.20,4761.5,salvora_gw3
-118,-1.50,2663.85,salvora_gw2
-121,-17.20,561.91,salvora_gw1
-120,-15.80,5302.23,salvora_gw3
-120,-15.00,3237.12,salvora_gw2
-121,-10.80,776.16,salvora_gw1
-109,3.50,3230.18,salvora_gw2
-120,-14.80,787.34,salvora_gw1
-110,5.80,3237.39,salvora_gw2
-108,3.20,3230.93,salvora_gw2
-120,-15.80,796.35,salvora_gw1
-110,3.50,3233.23,salvora_gw2
-120,-15.20,820.88,salvora_gw1
-110,3.80,3235.89,salvora_gw2
-118,-15.50,782.95,salvora_gw1
-108,3.80,3226.77,salvora_gw2
-120,-14.00,770.99,salvora_gw1
-107,4.50,3231.22,salvora_gw2
-121,-12.50,771.45,salvora_gw1
-109,4.80,3231.27,salvora_gw2
-121,-12.00,770.39,salvora_gw1
-105,4.20,3245.16,salvora_gw2
-120,-10.50,792.88,salvora_gw1
-108,3.80,3236.92,salvora_gw2
-120,-20.00,773.36,salvora_gw1
-109,4.80,3236.4,salvora_gw2
-120,-14.00,786.23,salvora_gw1
-109,4.50,3233.39,salvora_gw2
-120,-13.00,779.46,salvora_gw1
-105,4.00,3241.47,salvora_gw2
-120,-13.50,772.7,salvora_gw1
-109,3.20,3232.61,salvora_gw2
-121,-10.20,776.81,salvora_gw1
-110,5.80,3226.82,salvora_gw2
-120,-13.50,784.06,salvora_gw1
-110,4.50,3242.46,salvora_gw2
-119,-13.50,777.09,salvora_gw1
-109,4.80,3226.08,salvora_gw2
-119,-5.80,900.44,salvora_gw1
-118,-3.20,2483.9,salvora_gw2
-119,-15.20,4519.67,salvora_gw3
-117,-3.80,897.93,salvora_gw1
-118,-5.50,2487.37,salvora_gw2
-56,8.10,3.3,mukut_hardware
-56,8.10,3.3,mukut_hardware
-56,8.10,3.2,mukut_hardware
-56,8.10,3.3,mukut_hardware
-56,8.10,3.4,mukut_hardware
-56,8.10,3.4,mukut_hardware
-57,7.95,3.5,mukut_hardware
-57,7.95,3.5,mukut_hardware
-57,7.95,3.7,mukut_hardware
-57,7.95,3.7,mukut_hardware
-57,7.95,3.6,mukut_hardware
-57,7.95,3.5,mukut_hardware
-56,8.10,3.4,mukut_hardware
-57,7.95,3.5,mukut_hardware
-56,8.10,3.4,mukut_hardware
-56,8.10,3.4,mukut_hardware
-56,8.10,3.4,mukut_hardware
-56,8.10,3.4,mukut_hardware
-56,8.10,3.4,mukut_hardware
-57,7.95,3.5,mukut_hardware
-56,8.10,3.4,mukut_hardware
-56,8.10,3.4,mukut_hardware
-56,8.10,3.3,mukut_hardware
-56,8.10,3.4,mukut_hardware
-56,8.10,3.4,mukut_hardware
-56,8.10,3.4,mukut_hardware
-56,8.10,3.4,mukut_hardware
-56,8.10,3.4,mukut_hardware
-56,8.10,3.4,mukut_hardware
-56,8.10,3.4,mukut_hardware
-56,8.10,3.4,mukut_hardware
-56,8.10,3.4,mukut_hardware
-56,8.10,3.4,mukut_hardware
-56,8.10,3.4,mukut_hardware
-56,8.10,3.4,mukut_hardware
-56,8.10,3.4,mukut_hardware
-56,8.10,3.4,mukut_hardware
-56,8.10,3.4,mukut_hardware
-56,8.10,3.4,mukut_hardware
-57,7.95,3.5,mukut_hardware
-57,7.95,3.6,mukut_hardware
-57,7.95,3.6,mukut_hardware
-57,7.95,3.6,mukut_hardware
-57,7.95,3.5,mukut_hardware
-56,8.10,3.4,mukut_hardware
-56,8.10,3.4,mukut_hardware
-56,8.10,3.3,mukut_hardware
-56,8.10,3.3,mukut_hardware
-56,8.10,3.3,mukut_hardware
-56,8.10,3.2,mukut_hardware
-55,8.25,3.1,mukut_hardware
-55,8.25,3.2,mukut_hardware
-56,8.10,3.2,mukut_hardware
-56,8.10,3.3,mukut_hardware
-56,8.10,3.3,mukut_hardware
-56,8.10,3.3,mukut_hardware
-56,8.10,3.3,mukut_hardware
-56,8.10,3.3,mukut_hardware
-56,8.10,3.3,mukut_hardware
-56,8.10,3.3,mukut_hardware
